full_name,height_inches,reach_inches,stance
Tom Aaron,,,
Danny Abbadi,71.0,,Orthodox
Nariman Abbasov,68.0,66.0,Orthodox
Darion Abbey,74.0,80.0,Orthodox
David Abbott,72.0,,Switch
Hamdy Abdelwahab,74.0,72.0,Southpaw
Mansur Abdul-Malik,74.0,80.0,Orthodox
Shamil Abdurakhimov,75.0,76.0,Orthodox
Hiroyuki Abe,66.0,,Orthodox
Daichi Abe,71.0,71.0,Orthodox
Papy Abedi,71.0,,Southpaw
Ricardo Abreu,71.0,,Orthodox
Klidson Abreu,72.0,74.0,Orthodox
Cyborg Abreu,,,
Daniel Acacio,68.0,,Orthodox
John Adajar,69.0,75.0,Orthodox
Scott Adams,72.0,,Southpaw
Juan Adams,77.0,80.0,Orthodox
Anthony Adams,73.0,76.0,Orthodox
Zarrukh Adashev,65.0,65.0,Southpaw
Israel Adesanya,76.0,80.0,Switch
Sam Adkins,75.0,,Orthodox
Mohamed Ado,71.0,76.0,Switch
Nick Agallar,68.0,,Orthodox
Mariya Agapova,66.0,68.0,Southpaw
Kantharaj Agasa,,,
Marcelo Aguiar,70.0,,Orthodox
Fabio Aguiar,72.0,,
Edwin Aguilar,70.0,,
Jessica Aguilar,63.0,63.0,Orthodox
Kevin Aguilar,67.0,73.0,Orthodox
Jesus Aguilar,64.0,62.0,Orthodox
Christian Aguilera,69.0,72.0,Switch
Nick Aguirre,69.0,74.0,Southpaw
 Agulali,69.0,67.0,Switch
Ahejiang Ailinuer,,,
Mike Aina,69.0,,Orthodox
Ashiek Ajim,68.0,71.0,Switch
Hitomi Akano,64.0,,Southpaw
Omari Akhmedov,72.0,73.0,Orthodox
Yoshihiro Akiyama,70.0,75.0,Orthodox
Rostem Akman,70.0,72.0,Switch
Razak Al-Hassan,74.0,,Orthodox
Abdul-Kareem Al-Selwady,68.0,69.0,Orthodox
Mostapha Al-Turk,74.0,77.0,Orthodox
Herdem Alacabek,74.0,75.0,Orthodox
Javi Alanis,66.0,,
 Alatengheili,65.0,66.0,Orthodox
Amir Albazi,65.0,68.0,Orthodox
Brett Albee,,,
John Albert,68.0,68.0,Orthodox
Junior Albini,75.0,74.0,Orthodox
Wes Albritton,70.0,,Orthodox
Aleksandra Albu,62.0,63.0,Orthodox
Israel Albuquerque,,,Orthodox
Juan Alcain,,,
Iuri Alcantara,69.0,71.0,Southpaw
Ildemar Alcantara,74.0,78.0,Orthodox
Alfonso Alcarez,63.0,,
Gilbert Aldana,73.0,,Orthodox
Irene Aldana,69.0,68.0,Orthodox
Hector Aldana,71.0,72.0,Orthodox
Jose Alday,67.0,68.0,Orthodox
Jose Aldo,67.0,70.0,Orthodox
JJ Aldrich,65.0,67.0,Southpaw
Irina Alekseeva,68.0,67.0,Orthodox
Talita Alencar,61.0,58.0,Orthodox
Jim Alers,69.0,71.0,Orthodox
John Alessio,70.0,72.0,Orthodox
Houston Alexander,72.0,72.0,Orthodox
Kenneth Alexander,69.0,,Orthodox
Lucas Alexander,71.0,73.0,Orthodox
Marcio Alexandre Junior,72.0,75.0,Southpaw
Olaf Alfonso,74.0,,Orthodox
Pablo Alfonso,68.0,,
Levi Alford,,,
Bill Algeo,72.0,73.0,Switch
Royce Alger,70.0,,Orthodox
Amir Aliakbari,75.0,,
Sultan Aliev,71.0,74.0,Orthodox
Nurullo Aliev,70.0,72.0,Orthodox
Ikram Aliskerov,72.0,76.0,Southpaw
Leon Aliu,72.0,74.0,Orthodox
John Allan,73.0,75.0,Orthodox
George Allen,74.0,,Open Stance
Arnold Allen,68.0,70.0,Southpaw
Brendan Allen,74.0,75.0,Orthodox
Daniel Allen,72.0,75.0,Southpaw
Ben Alloway,71.0,76.0,Orthodox
Asu Almabayev,64.0,65.0,Orthodox
Bekzat Almakhan,67.0,68.0,Orthodox
John Dave Almanza,67.0,67.0,Southpaw
Ricardo Almeida,72.0,74.0,Orthodox
Magno Almeida,72.0,,
Thomas Almeida,67.0,70.0,Southpaw
Ericka Almeida,66.0,,Orthodox
Estefani Almeida,64.0,,Orthodox
Jailton Almeida,75.0,79.0,Orthodox
Lucas Almeida,71.0,71.0,Orthodox
Cesar Almeida,73.0,74.0,Orthodox
Mauricio Alonso,74.0,,
Sarah Alpar,64.0,63.0,Southpaw
Ali AlQaisi,66.0,68.0,Orthodox
Rico Altamirano,70.0,,
Victor Altamirano,68.0,70.0,Switch
Mike Altman,70.0,,Orthodox
Patricia Alujas,64.0,64.0,Orthodox
Sean Alvarez,72.0,,Orthodox
Eddie Alvarez,69.0,69.0,Orthodox
Jaime Alvarez,68.0,69.0,Orthodox
Joel Alvarez,75.0,77.0,Orthodox
Thiago Alves,69.0,70.0,Orthodox
Anthony Alves,,,
Amilcar Alves,72.0,,Southpaw
Warlley Alves,71.0,72.0,Orthodox
Rafael Alves,68.0,68.0,Orthodox
Sam Alvey,74.0,75.0,Southpaw
Christopher Alvidrez,72.0,74.0,Orthodox
Mahamed Aly,74.0,78.0,Orthodox
Andre Amado,72.0,,Orthodox
Adlan Amagov,74.0,76.0,Orthodox
Maiara Amanajas dos Santos,65.0,,Southpaw
Chris Amarante,,,
Jimmy Ambriz,74.0,,Southpaw
JJ Ambrose,70.0,,Orthodox
Alen Amedovski,70.0,74.0,Orthodox
Hyder Amil,69.0,70.0,Switch
Hamid Amiri,,,
Makwan Amirkhani,70.0,72.0,Southpaw
Jaqueline Amorim,63.0,68.0,Orthodox
Bertrand Amoussou,68.0,,Orthodox
Karl Amoussou,71.0,,Orthodox
Eryk Anders,73.0,75.0,Southpaw
Matt Andersen,74.0,,Southpaw
Andy Anderson,66.0,,
Lowell Anderson,66.0,,Orthodox
Corey Anderson,75.0,79.0,Orthodox
Derek Anderson,72.0,,
Megan Anderson,72.0,72.0,Orthodox
Liam Anderson,75.0,75.0,Orthodox
Tatsuya Ando,64.0,68.0,Southpaw
Alex Andrade,71.0,,Orthodox
Jessica Andrade,61.0,62.0,Orthodox
Viscardi Andrade,71.0,75.0,Orthodox
Jermaine Andre,67.0,,Orthodox
Fellipe Andrew,,,
Dylan Andrews,73.0,74.0,Switch
Reese Andy,72.0,,Orthodox
 Angga,67.0,68.0,Orthodox
Julius Anglickas,75.0,,Orthodox
Collin Anglin,69.0,71.0,Orthodox
Chad Anheliger,66.0,64.0,Orthodox
Yoji Anjo,71.0,,Orthodox
Magomed Ankalaev,75.0,75.0,Orthodox
Gadzhimurad Antigulov,71.0,70.0,Orthodox
Adam Antolin,65.0,63.0,Orthodox
Angelo Antonio,,,Orthodox
Vanilto Antunes,72.0,72.0,Orthodox
Azunna Anyanwu,73.0,,Orthodox
Shinsho Anzai,67.0,70.0,Orthodox
Jin Aoi,66.0,68.0,Orthodox
Shinya Aoki,71.0,,Southpaw
 Aoriqileng,67.0,69.0,Orthodox
Josh Appelt,70.0,,Southpaw
Erik Apple,72.0,,Orthodox
Kenji Arai,70.0,,Southpaw
Romie Aram,70.0,,Orthodox
Felipe Arantes,68.0,73.0,Orthodox
Igor Araujo,73.0,77.0,Orthodox
Viviane Araujo,64.0,68.0,Orthodox
Julio Arce,67.0,70.0,Southpaw
Art Arciniega,68.0,,
Alice Ardelean,63.0,62.0,Orthodox
Tristan Arenal,,,
Gabriel Arges,,,
Dan Argueta,67.0,68.0,Southpaw
Reza Arianto,,,
Hashem Arkhagha,74.0,75.0,Orthodox
Andrei Arlovski,75.0,77.0,Orthodox
Garrett Armfield,66.0,70.0,Orthodox
Joey Armstrong,,,
Austin Arnett,72.0,72.0,Orthodox
Ricardo Arona,71.0,,Orthodox
Eli Aronov,70.0,72.0,Orthodox
Chalid Arrab,71.0,,Orthodox
Akbarh Arreola,70.0,71.0,Southpaw
Matt Arroyo,70.0,72.0,Orthodox
Antonio Arroyo,75.0,73.0,Orthodox
Gilles Arsene,69.0,,Southpaw
Veta Arteaga,67.0,,
Cesar Arzamendia,71.0,,Orthodox
Kai Asakura,68.0,69.0,Orthodox
Teddy Ash,73.0,73.0,Switch
Arman Ashimov,66.0,,
Yanal Ashmouz,69.0,69.0,Orthodox
 Asjabharan,66.0,,
Askar Askar,67.0,69.0,Orthodox
Askar Askarov,66.0,67.0,Orthodox
Cyril Asker,72.0,74.0,Orthodox
Khusein Askhabov,68.0,69.0,Orthodox
Scott Askham,75.0,75.0,Southpaw
Ben Askren,71.0,73.0,Orthodox
Ibo Aslan,75.0,77.0,Orthodox
Tom Aspinall,77.0,78.0,Orthodox
Steven Asplund,77.0,78.0,Orthodox
Bruno Assis,74.0,,Orthodox
Junior Assuncao,69.0,72.0,Orthodox
Raphael Assuncao,65.0,66.0,Orthodox
Michael Aswell,68.0,69.0,Orthodox
Bazigit Atajev,73.0,,Orthodox
Rich Attonito,70.0,72.0,Orthodox
Olivier Aubin-Mercier,69.0,70.0,Southpaw
Pat Audinwood,72.0,,Orthodox
Jose Augusto,75.0,,
Marcus Aurelio,70.0,74.0,Orthodox
David Avellan,69.0,,Orthodox
Blas Avena,72.0,74.0,Orthodox
Levi Avera,73.0,,
Anthony Avila,67.0,,
Chris Avila,70.0,,Orthodox
Julia Avila,67.0,68.0,Orthodox
Saad Awad,71.0,,
Javy Ayala,73.0,,
Jessin Ayari,72.0,73.0,Orthodox
Abu Azaitar,69.0,76.0,Orthodox
Ottman Azaitar,68.0,71.0,Switch
Luiz Azeredo,69.0,,Orthodox
Luciano Azevedo,75.0,,Orthodox
Hunter Azure,68.0,69.0,Orthodox
Niklas Backstrom,73.0,,Orthodox
Seth Baczynski,75.0,75.0,Orthodox
Abdul Azeem Badakhshi,,,
Ryan Bader,74.0,74.0,Orthodox
Izabela Badurek,65.0,,Orthodox
Miguel Baeza,74.0,74.0,Orthodox
Ali Bagautinov,64.0,65.0,Orthodox
Mehdi Baghdad,73.0,,Orthodox
Melsik Baghdasaryan,69.0,70.0,Southpaw
Siyar Bahadurzada,71.0,73.0,Orthodox
Ignacio Bahamondes,75.0,75.0,Orthodox
Bahatebole Batebolati,68.0,71.0,Southpaw
Shamar Bailey,69.0,75.0,Southpaw
Jordan Bailey,69.0,,
Scott Baker,72.0,,
Bryan Baker,75.0,,Orthodox
Jin Bala,69.0,,
 Balajin,69.0,72.0,Orthodox
Oluwale Bamgbose,71.0,78.0,Switch
Stephen Banaszak,72.0,,
Marcin Bandel,70.0,,Orthodox
Humberto Bandenay,71.0,71.0,Southpaw
Tae Hyun Bang,69.0,71.0,Switch
Yohan Banks,,,
Shauna Bannon,65.0,65.0,Switch
Antonio Banuelos,65.0,63.0,Orthodox
Iwo Baraniewski,72.0,73.0,Orthodox
Renan Barao,66.0,70.0,Orthodox
Junior Barata,70.0,,Orthodox
Maycee Barber,65.0,65.0,Switch
Bryan Barberena,72.0,72.0,Southpaw
Djani Barbir,75.0,79.0,Orthodox
Dione Barbosa,66.0,66.0,Orthodox
Marcio Barbosa,66.0,70.0,Orthodox
Edson Barboza,71.0,75.0,Orthodox
Raoni Barcelos,67.0,67.0,Orthodox
Daniel Barez,66.0,66.0,Orthodox
Danny Barlow,74.0,79.0,Southpaw
Luke Barnatt,78.0,77.0,Orthodox
James Barnes,68.0,71.0,Orthodox
Nick Barnes,71.0,,
Shonte Barnes,71.0,76.0,Southpaw
Josh Barnett,75.0,78.0,Orthodox
Chris Barnett,69.0,75.0,Orthodox
Chris Barnhizer,,,
David Baron,66.0,,Switch
Phil Baroni,69.0,72.0,Orthodox
Dan Barrera,69.0,,Orthodox
Carlos Barreto,76.0,,Orthodox
Jose Barreto,,,Southpaw
Peter Barrett,70.0,73.0,Southpaw
Marc-Andre Barriault,73.0,74.0,Orthodox
David Barrios,66.0,,
Alexandre Barros,69.0,,Southpaw
Ricardo Barros,73.0,,
Francimar Barroso,73.0,75.0,Orthodox
Pat Barry,71.0,74.0,Orthodox
Dean Barry,70.0,72.0,Orthodox
Enrique Barzola,67.0,70.0,Orthodox
Javid Basharat,69.0,69.0,Orthodox
Farid Basharat,68.0,71.0,Orthodox
Austin Bashi,66.0,70.0,Orthodox
Stephen Bass,69.0,,Orthodox
Sean Bassett,,,
Ryan Bastianelli,65.0,,
Shayna Baszler,67.0,,Orthodox
Namsrai Batbayar,64.0,68.0,Orthodox
Michel Batista,75.0,,Orthodox
Bryan Battle,73.0,77.0,Orthodox
Alan Baudot,75.0,79.0,Orthodox
Mario Bautista,69.0,69.0,Switch
Chris Beal,67.0,69.0,Orthodox
Donovan Beard,74.0,78.0,Orthodox
Rudy Bears,71.0,,Southpaw
Salvador Becerra,69.0,,
Ariel Beck,66.0,66.0,Southpaw
Jack Becker,70.0,71.0,Orthodox
Jeff Bedard,66.0,,Orthodox
Eric Bedard,74.0,,
Johnny Bedford,70.0,71.0,Orthodox
Rolando Bedoya,71.0,74.0,Orthodox
Chase Beebe,67.0,67.0,Orthodox
Lyle Beerbohm,70.0,,Southpaw
Allan Begosso,65.0,66.0,Orthodox
Azamat Bekoev,72.0,72.0,Orthodox
Mirsad Bektic,68.0,70.0,Orthodox
Diana Belbita,67.0,68.0,Orthodox
Alan Belcher,74.0,75.0,Orthodox
Vitor Belfort,72.0,74.0,Southpaw
Yousri Belgaroui,77.0,79.0,Orthodox
Rodolfo Bellato,75.0,75.0,Orthodox
Danilo Belluardo,72.0,74.0,Southpaw
Joey Beltran,73.0,75.0,Orthodox
Marco Beltran,68.0,69.0,Orthodox
Joseph Benavidez,64.0,65.0,Southpaw
Mike Bencic,72.0,,Orthodox
Dave Beneteau,74.0,,Orthodox
Karla Benitez,63.0,,
Gabriel Benitez,68.0,71.0,Southpaw
Charles Bennett,68.0,,Orthodox
Josh Bennett,76.0,,Orthodox
DeAnna Bennett,64.0,68.0,Orthodox
Benjamin Bennett,72.0,73.0,Switch
Lance Benoist,71.0,72.0,Southpaw
Joe Benoit,69.0,,Orthodox
Ryan Benoit,65.0,68.0,Orthodox
Pat Benson,69.0,,
Len Bentley,69.0,,
Steve Berger,71.0,,Orthodox
Kenneth Bergh,74.0,74.0,Orthodox
Bret Bergmark,69.0,,
Keith Berish,72.0,,Orthodox
Dennis Bermudez,66.0,66.0,Orthodox
Manny Bermudez,70.0,71.0,Orthodox
Talita Bernardo,64.0,68.0,Orthodox
Dave Berry,,,
Keith Berry,73.0,,
Dieusel Berto,69.0,,
Edson Berto,66.0,,Orthodox
Allen Berube,68.0,,Orthodox
Anton Berzin,74.0,,Orthodox
Scott Bessac,76.0,,
Matt Bessette,70.0,70.0,Orthodox
Khadzhi Bestaev,78.0,76.0,
Fernando Bettega,,,
Arjan Bhullar,73.0,75.0,Orthodox
KB Bhullar,76.0,78.0,Switch
Bibulatov Magomed,65.0,65.0,Orthodox
David Bielkheden,70.0,71.0,Orthodox
Blake Bilder,68.0,68.0,Switch
Jonas Bilharinho,71.0,75.0,Switch
Jeremiah Billington,69.0,,Orthodox
Scott Bills,70.0,,
Anthony Birchak,68.0,69.0,Orthodox
Chris Birchler,75.0,,Switch
Angad Bisht,67.0,67.0,Orthodox
Michael Bisping,73.0,75.0,Orthodox
Amaury Bitetti,69.0,,Orthodox
Caio Bittencourt,72.0,75.0,Orthodox
Davi Bittencourt,65.0,65.0,Orthodox
Simon Biyong,,,
Jan Blachowicz,74.0,78.0,Orthodox
Jason Black,68.0,,Orthodox
Brad Blackburn,70.0,73.0,Orthodox
Jason Blackford,,,
Tom Blackledge,,,Orthodox
Sherrard Blackledge,71.0,75.0,Orthodox
Da'Mon Blackshear,70.0,72.0,Switch
Chasen Blair,70.0,71.0,Orthodox
Erin Blanchfield,64.0,66.0,Orthodox
Maximo Blanco,68.0,71.0,Orthodox
David Blanco,67.0,,
Curtis Blaydes,76.0,80.0,Orthodox
Tereza Bleda,69.0,71.0,Orthodox
Arlene Blencowe,65.0,,
Byron Bloodworth,68.0,,Orthodox
Dashawn Boatwright,72.0,,Orthodox
Dan Bobish,74.0,,Southpaw
Mark Bocek,68.0,75.0,Orthodox
Kyle Bochniak,67.0,70.0,Orthodox
James Bochnovic,76.0,81.0,Orthodox
Jeremy Boczulak,,,
Tim Boetsch,72.0,74.0,Orthodox
Galore Bofando,71.0,72.0,Switch
Jay Bogan,,,
Roman Bogatov,68.0,73.0,Orthodox
Derek Bohi,76.0,,
Jerry Bohlander,71.0,,Orthodox
Mandy Bohm,67.0,71.0,Orthodox
Kotetsu Boku,69.0,,Orthodox
Gaston Bolanos,67.0,69.0,Orthodox
Kyle Bolt,74.0,,
Denys Bondar,66.0,69.0,Orthodox
Luc Bondole,74.0,,
Tony Bonello,74.0,,
Gabriel Bonfim,73.0,72.0,Orthodox
Ismael Bonfim,68.0,71.0,Orthodox
Jesse Bongfeldt,72.0,,Orthodox
Marcos Bonilla,70.0,,
Stephan Bonnar,76.0,79.0,Orthodox
Rogerio Bontorin,65.0,67.0,Orthodox
Ray Borg,64.0,63.0,Orthodox
Igor Borisov,72.0,,Orthodox
Kevin Borjas,65.0,68.0,Orthodox
Calen Born,68.0,72.0,Switch
Caio Borralho,73.0,75.0,Southpaw
Zachary Borrego,74.0,78.0,Switch
Viacheslav Borshchev,71.0,69.0,Orthodox
Tanner Boser,74.0,75.0,Orthodox
Steve Bosse,71.0,72.0,Orthodox
Marcus Bossett,73.0,,Orthodox
Chris Bostick,,,
Poliana Botelho,68.0,67.0,Orthodox
Francois Botha,74.0,,Orthodox
Ilian Bouafia,77.0,78.0,Southpaw
Gregory Bouchelaghem,74.0,,Switch
Roy Boughton,72.0,,
Rich Bouphanouvong,67.0,,
Mike Bourke,72.0,,Orthodox
Jess Bouscal,,,
Tai Bowden,71.0,,
Melton Bowen,72.0,,Orthodox
Kyron Bowen,75.0,73.0,Orthodox
Brian Bowles,67.0,70.0,Orthodox
Roger Bowling,69.0,68.0,Orthodox
Blake Bowman,74.0,,
Ashe Bowman,69.0,,
Anvar Boynazarov,69.0,,Orthodox
Colley Bradford,67.0,,
Kyle Bradley,69.0,71.0,Orthodox
Paul Bradley,69.0,,Orthodox
Sean Brady,70.0,72.0,Orthodox
Ebenezer Fontes Braga,72.0,,Orthodox
Ramiz Brahimaj,70.0,72.0,Orthodox
Adam Bramhald,70.0,70.0,Orthodox
Joe Brammer,68.0,,Orthodox
David Branch,73.0,78.0,Orthodox
Billy Brand,66.0,65.0,Orthodox
Diego Brandao,67.0,64.0,Orthodox
Bruna Brasil,66.0,65.0,Orthodox
Michael Bravo,,,
Martin Bravo,68.0,71.0,Southpaw
Roman Bravo-Young,,,
Mike Breeden,70.0,70.0,Orthodox
Tom Breese,75.0,73.0,Southpaw
Elves Brener,70.0,72.0,Orthodox
Chris Brennan,68.0,,Orthodox
Charlie Brenneman,70.0,70.0,Orthodox
Robert Breslin,71.0,,
Mack Brewer,,,
Marcos Brigagao,75.0,76.0,Southpaw
Jason Brilz,71.0,71.0,Orthodox
Marcus Brimage,64.0,71.0,Southpaw
Aaron Brink,75.0,,Orthodox
Henry Briones,68.0,69.0,Orthodox
Marcelo Brito,73.0,,Orthodox
Joanderson Brito,68.0,72.0,Orthodox
Kaik Brito,71.0,72.0,Orthodox
Icaro Brito,,,
Antwain Britt,73.0,77.0,
Drew Brokenshire,,,
Mike Bronzoulis,72.0,,
Jonathan Brookins,72.0,74.0,Southpaw
Will Brooks,70.0,72.0,Orthodox
Jarred Brooks,63.0,62.0,Switch
Rob Broughton,74.0,74.0,Orthodox
Lee Brousseau,73.0,,
Matt Brown,72.0,75.0,Orthodox
Mike Brown,66.0,70.0,Orthodox
Dominic Brown,71.0,,
Todd Brown,71.0,,Orthodox
Terrell Brown,,,
Chris Brown,,,
Frederick Brown,72.0,,
Randy Brown,75.0,78.0,Orthodox
Damien Brown,70.0,68.0,Orthodox
TJ Brown,69.0,72.0,Switch
Humberto Brown Morrison,70.0,,
Travis Browne,78.0,79.0,Orthodox
Junie Browning,69.0,,Orthodox
Jules Bruchez,72.0,,Southpaw
Justin Bruckmann,69.0,,Orthodox
Cody Brundage,72.0,72.0,Orthodox
Steve Bruno,70.0,,Orthodox
Fernando Bruno,66.0,,
Derek Brunson,73.0,77.0,Southpaw
Josh Bryant,70.0,,Orthodox
Dennis Bryant,72.0,,Orthodox
Robert Bryczek,72.0,75.0,Orthodox
Lukasz Brzeski,75.0,78.0,Orthodox
Marcus Buchecha,74.0,77.0,Orthodox
Justin Buchholz,72.0,73.0,Orthodox
Zak Bucia,70.0,,
Courtney Buck,70.0,,Orthodox
Joaquin Buckley,70.0,76.0,Southpaw
Martin Buday,76.0,77.0,Orthodox
Julia Budd,67.0,67.0,
Dylan Budka,72.0,75.0,Switch
Mike Budnik,69.0,68.0,Orthodox
Francisco Bueno,69.0,,Orthodox
Mayra Bueno Silva,66.0,66.0,Orthodox
Paul Buentello,74.0,77.0,Orthodox
Marek Bujlo,,,
Modestas Bukauskas,75.0,76.0,Switch
Lee Kwan Bum,74.0,,Orthodox
Josh Bumgarner,73.0,,
Shawn Bunch,65.0,,
Felipe Bunes,67.0,69.0,Orthodox
Shane Burgos,71.0,75.0,Orthodox
Joshua Burkman,70.0,72.0,Orthodox
Justin Burlinson,73.0,74.0,Switch
Mads Burnell,68.0,69.0,Orthodox
Mikey Burnett,66.0,,Orthodox
Kevin Burns,70.0,74.0,Orthodox
Gilbert Burns,70.0,71.0,Orthodox
Josh Burns,73.0,,
Herbert Burns,69.0,73.0,Orthodox
Derrick Burnsed,,,
Nah-Shon Burrell,71.0,,Orthodox
Martin Buschkamp,69.0,,Orthodox
George Bush,73.0,,
Bubba Bush,72.0,,Orthodox
Dakota Bush,70.0,73.0,Orthodox
Murilo Bustamante,74.0,,Orthodox
Nick Bustamante,69.0,,
Eduardo Bustillos,68.0,,
Jason Butcher,75.0,,
Todd Butler,73.0,,Southpaw
Goldman Butler,,,
Ian Butler,68.0,,
Raphael Butler,75.0,,
Jesse Butler,70.0,73.0,Orthodox
JP Buys,65.0,67.0,Orthodox
Dennis Buzukja,69.0,70.0,Switch
Charles Byrd,70.0,73.0,Orthodox
Steve Byrnes,72.0,,Orthodox
Michael Byrnes,71.0,,
Yan Cabral,71.0,73.0,Orthodox
Juan Cabrera,,,
Alvin Cacdac,66.0,,Orthodox
Alex Caceres,70.0,73.0,Southpaw
Vince Cachero,66.0,68.0,Orthodox
Priscila Cachoeira,67.0,65.0,Orthodox
Travis Calanoc,68.0,,Orthodox
Ricky Calatayud,69.0,,
Lucas Caldas,68.0,70.0,Orthodox
Carlos Calderon,71.0,71.0,Southpaw
Darrion Caldwell,70.0,,
Nicolle Caliari,63.0,62.0,Orthodox
Taylor Callens,70.0,,
Cynthia Calvillo,64.0,64.0,Orthodox
Joe Camacho,69.0,,Orthodox
Frank Camacho,70.0,73.0,Orthodox
Lucas Camacho,76.0,80.0,Orthodox
Matheus Camilo,70.0,69.0,Orthodox
Fabricio Camoes,70.0,71.0,Orthodox
Chris Camozzi,74.0,75.0,Orthodox
Brian Camozzi,74.0,78.0,Orthodox
Ricky Camp,67.0,,
Mike Campbell,69.0,,Southpaw
Thomas Campbell,,,
Shane Campbell,72.0,71.0,Orthodox
Charlie Campbell,72.0,72.0,Orthodox
Kitt Campbell,73.0,73.0,Orthodox
Kurtis Campbell,69.0,72.0,Switch
John Campetella,69.0,,Orthodox
Wagner Campos,66.0,,Southpaw
Derek Campos,69.0,,
Will Campuzano,69.0,70.0,Orthodox
Aleksa Camur,73.0,74.0,Orthodox
Chico Camus,66.0,66.0,Orthodox
Asbel Cancio,70.0,,
Carlos Candelario,68.0,68.0,Southpaw
Ronaldo Candido,66.0,,Southpaw
Luiz Cane,74.0,77.0,Southpaw
Guido Cannetti,66.0,68.0,Southpaw
Jared Cannonier,71.0,77.0,Switch
Jose Canseco,76.0,,Orthodox
Cody Canterbury,68.0,,
Bo Cantrell,74.0,,Orthodox
Steve Cantwell,74.0,75.0,Orthodox
Paul Capaldo,67.0,,
Phil Caracappa,68.0,70.0,Orthodox
Frank Caracci,,,
Gina Carano,68.0,,Orthodox
Dos Caras Jr.,76.0,,Orthodox
Bryan Caraway,68.0,68.0,Orthodox
Remo Cardarelli,,,
Phil Cardella,71.0,,
Edgar Cardenas,,,
Chris Cariaso,63.0,64.0,Southpaw
Ronald Carillo,,,
Rafael Carino,80.0,,Orthodox
Don Carlo-Clauss,,,
Antonio Carlos Junior,74.0,79.0,Orthodox
Spike Carlyle,68.0,71.0,Switch
Francis Carmont,75.0,78.0,Orthodox
Liz Carmouche,66.0,66.0,Orthodox
Roan Carneiro,71.0,76.0,Orthodox
Ariane Carnelossi,62.0,61.0,Orthodox
Luana Carolina,66.0,69.0,Orthodox
Tim Caron,73.0,,Orthodox
Clayton Carpenter,66.0,66.0,Orthodox
Gabriel Carrasco,66.0,,
Cody Carrillo,70.0,,
Cain Carrizosa,68.0,,Orthodox
Roger Carroll,70.0,,
Jonny Carson,70.0,,
Scott Carson,74.0,,
Shonie Carter,70.0,,Southpaw
Jack Cartwright,69.0,68.0,Orthodox
Bruno Carvalho,68.0,,
Antonio Carvalho,69.0,70.0,Orthodox
Rafael Carvalho,75.0,,
Shane Carwin,74.0,80.0,Orthodox
Johnny Case,70.0,72.0,Orthodox
Kevin Casey,71.0,77.0,Southpaw
Cortney Casey,67.0,67.0,Orthodox
Brandon Cash,77.0,,Orthodox
Bendy Casimir,65.0,,Southpaw
Dwayne Cason,70.0,,Orthodox
Joe Cason,75.0,,
John Castaneda,66.0,71.0,Switch
Eric Castile,68.0,,
Gil Castillo,69.0,,Southpaw
Danny Castillo,69.0,71.0,Orthodox
Raul Castillo,71.0,,Orthodox
Jenna Castillo,62.0,,
Tim Catalfo,71.0,,Orthodox
Nick Catone,72.0,72.0,Southpaw
Luke Caudillo,67.0,,Orthodox
Gesias Cavalcante,68.0,71.0,Orthodox
Rafael Cavalcante,73.0,74.0,Orthodox
Jacqueline Cavalcanti,68.0,70.0,Orthodox
Igor Cavalcanti,71.0,79.0,Orthodox
Magnus Cedenblad,77.0,79.0,Orthodox
Yosdenis Cedeno,68.0,69.0,Orthodox
Henry Cejudo,64.0,64.0,Orthodox
Adam Cella,74.0,,
Vinicius Cenci,73.0,74.0,Orthodox
Katlyn Cerminara,69.0,68.0,Orthodox
Rafael Cerqueira,75.0,76.0,Southpaw
Donald Cerrone,73.0,73.0,Orthodox
Jared Chaffee,70.0,,
Luan Chagas,72.0,75.0,Orthodox
Edgar Chairez,67.0,71.0,Orthodox
Ansar Chalangov,69.0,,Orthodox
Alex Chambers,63.0,63.0,Southpaw
Michael Chandler,68.0,71.0,Orthodox
Chelsea Chandler,68.0,68.0,Southpaw
Eduardo Chapolin,67.0,67.0,Orthodox
Donnie Chappell,71.0,,Southpaw
Joe Charles,73.0,,Southpaw
Dan Charles,74.0,,
Morgan Charriere,68.0,69.0,Orthodox
Jeisla Chaves,66.0,68.0,Orthodox
Ernest Chavez,68.0,70.0,Orthodox
Emilio Chavez,69.0,,
Danny Chavez,68.0,67.0,Orthodox
Gabriel Checco,73.0,,Switch
Albert Cheng,71.0,,Orthodox
Fabio Cherant,73.0,74.0,Southpaw
Ion Cherdivara,,,
Mark Cherico,67.0,69.0,Orthodox
Macy Chiasson,71.0,72.0,Orthodox
Michael Chiesa,73.0,75.0,Southpaw
Giga Chikadze,72.0,74.0,Orthodox
Khamzat Chimaev,74.0,75.0,Orthodox
Sako Chivitchian,71.0,,Orthodox
Mu Bae Choi,74.0,,Orthodox
Hong Man Choi,86.0,,Orthodox
Dooho Choi,70.0,70.0,Orthodox
SeungWoo Choi,72.0,74.0,Orthodox
SeungGuk Choi,66.0,64.0,Orthodox
DongHun Choi,65.0,66.0,Switch
Mark Choinski,68.0,69.0,Orthodox
John Cholish,71.0,74.0,Orthodox
Ryo Chonan,69.0,70.0,Orthodox
Will Chope,76.0,,Switch
Cody Chovancek,68.0,67.0,Switch
Joachim Christensen,75.0,76.0,Orthodox
Kevin Christian,79.0,80.0,Orthodox
Dan Christison,80.0,,Orthodox
Anthony Christodoulou,69.0,,Orthodox
Murad Chunkaiev,71.0,,Orthodox
Cameron Church,71.0,72.0,Orthodox
Steven Ciaccio,72.0,,
Mike Ciesnolevicz,72.0,,Orthodox
Hannah Cifers,61.0,62.0,Orthodox
Branko Cikatic,73.0,,Orthodox
Nikolajus Cilkinas,,,Orthodox
Misha Cirkunov,75.0,77.0,Orthodox
Johnny Cisneros,71.0,,
Laverne Clark,71.0,,Orthodox
Logan Clark,74.0,,Orthodox
Mychal Clark,75.0,,Orthodox
Dominic Clark,70.0,,
Heather Clark,66.0,64.0,Orthodox
Devin Clark,72.0,75.0,Orthodox
Jessica-Rose Clark,65.0,64.0,Orthodox
Shannon Clark,65.0,64.0,Orthodox
John Clarke,,,
Mitch Clarke,70.0,73.0,Orthodox
Rich Clementi,69.0,72.0,Southpaw
Chris Clements,70.0,70.0,Orthodox
RJ Clifford,,,
Mark Climaco,64.0,65.0,Southpaw
Josh Clopton,66.0,,Orthodox
Brian Cobb,71.0,,Orthodox
Darryl Cobb,69.0,,
Dave Cochran,66.0,,
Dakota Cochrane,68.0,,
Marloes Coenen,69.0,67.0,
Marc Cofer,,,
John Cofer,69.0,,Southpaw
Chris Coggins,,,
Felipe Colares,68.0,69.0,Orthodox
Wayne Cole,73.0,,Orthodox
Devin Cole,76.0,,Orthodox
Coltin Cole,,,
Ivan Cole,69.0,,
Chandler Cole,70.0,72.0,Orthodox
Mark Coleman,73.0,75.0,Orthodox
Cortez Coleman,73.0,,
Clay Collard,71.0,73.0,Orthodox
Jamie Colleen,63.0,65.0,Orthodox
Jake Collier,75.0,78.0,Orthodox
Christian Colombo,77.0,,Orthodox
Willian Colorado,70.0,72.0,
Wes Combs,74.0,,Orthodox
Rose Conceicao,55.0,65.0,Orthodox
Roque Conceicao,64.0,67.0,Orthodox
Carlos Condit,74.0,75.0,Orthodox
Chris Condo,72.0,,Orthodox
Jack Congdon,74.0,75.0,Switch
Tristan Connelly,70.0,68.0,Orthodox
Marcos Conrado Jr.,74.0,,Orthodox
Jeremiah Constant,73.0,,Orthodox
Jonathan Contrestano,,,
Bob Cook,69.0,,Orthodox
Mike Cook,73.0,,Orthodox
Chad Cook,74.0,,
TJ Cook,,,
Dewey Cooper,,,
Brett Cooper,72.0,,Orthodox
Bill Cooper,,,
Bobby Cooper,73.0,,
Amanda Cooper,63.0,64.0,Switch
Kit Cope,72.0,,Orthodox
Chris Cope,72.0,72.0,Orthodox
Josh Copeland,73.0,,Orthodox
Michael Cora,73.0,77.0,Southpaw
Akira Corassani,68.0,68.0,Orthodox
Muhsin Corbbrey,70.0,,Orthodox
Alden Coria,68.0,67.0,Orthodox
Daniel Cormier,71.0,72.0,Orthodox
Nora Cornolle,67.0,67.0,Orthodox
Clint Coronel,,,
Henry Corrales,69.0,,
Bethe Correia,65.0,64.0,Orthodox
Wesley Correira,75.0,,Orthodox
Waldo Cortes-Acosta,76.0,78.0,Orthodox
Tracy Cortez,65.0,65.0,Orthodox
Reyes Cortez Jr.,67.0,68.0,Orthodox
Chad Corvin,77.0,,
Louis Cosce,69.0,71.0,Orthodox
Orion Cosce,71.0,71.0,Switch
Miguel Cosio,76.0,,
Jadson Costa,67.0,,Orthodox
Guilherme Costa,,,
Paulo Costa,73.0,72.0,Orthodox
Randy Costa,69.0,73.0,Switch
Alessandro Costa,64.0,67.0,Orthodox
Melquizael Costa,70.0,71.0,Southpaw
Vitor Costa,74.0,75.0,Orthodox
Oscar Cota,72.0,72.0,Orthodox
Patrick Cote,71.0,75.0,Orthodox
JC Cottrell,69.0,,Orthodox
JR Coughran,66.0,,Orthodox
Rashad Coulter,71.0,76.0,Orthodox
Dave Courchaine,68.0,,
Randy Couture,73.0,75.0,Orthodox
Kim Couture,68.0,,Orthodox
Ryan Couture,70.0,73.0,Orthodox
Nikk Covert,68.0,,
Colby Covington,71.0,72.0,Orthodox
Hailey Cowan,68.0,67.0,Southpaw
Jeff Cox,70.0,,Orthodox
Nathan Coy,70.0,69.0,Southpaw
Andrew Craig,73.0,76.0,Orthodox
Paul Craig,75.0,76.0,Orthodox
Dan Cramer,74.0,,Orthodox
Alberto Crane,65.0,,Orthodox
Tim Credeur,75.0,75.0,Orthodox
Paul Creighton,66.0,,Southpaw
Helena Crevar,,,
Alexander Crispim,,,
Alex Crispin,,,
Melissa Croden,,,
Kevin Croom,71.0,73.0,Orthodox
Kiefer Crosbie,71.0,70.0,Switch
Ken Cross,72.0,72.0,Southpaw
Jeff Crotty,,,
Allen Crowder,75.0,76.0,Orthodox
Daron Cruickshank,68.0,72.0,Switch
Richard Crunkilton,67.0,,Orthodox
Jimmy Crute,74.0,74.0,Orthodox
Marcio Cruz,76.0,,Orthodox
Dominick Cruz,68.0,68.0,Orthodox
Aalon Cruz,72.0,78.0,Switch
Timmy Cuamba,69.0,71.0,Orthodox
Jay Cucciniello,67.0,,Orthodox
Emilio Cuellar,,,
Josh Culibao,70.0,73.0,Orthodox
Chris Culley,,,
Abel Cullum,67.0,,Orthodox
Zak Cummings,72.0,75.0,Southpaw
Everett Cummings,,,
Patrick Cummins,74.0,76.0,Orthodox
Luke Cummo,72.0,74.0,Orthodox
Hugo Cunha,75.0,79.0,Orthodox
Alton Cunningham,74.0,77.0,Orthodox
AJ Cunningham,70.0,71.0,Orthodox
Tommy Cuozzi Jr.,69.0,71.0,Orthodox
Santo Curatolo,63.0,62.0,Southpaw
Larry Cureton,74.0,,Orthodox
Jeff Curran,66.0,69.0,Orthodox
Kailin Curran,64.0,65.0,Orthodox
Pat Curran,69.0,,
Will Currie,75.0,76.0,Switch
Chris Curtis,70.0,75.0,Orthodox
Ion Cutelaba,73.0,75.0,Southpaw
Gleidson Cutis,69.0,,Orthodox
Sarah D'alelio,67.0,,
Marcos da Matta,64.0,,
Henrique da Silva,75.0,76.0,Orthodox
Ariane da Silva,66.0,67.0,Orthodox
Alex Da Silva,68.0,73.0,Orthodox
Radley Da Silva,69.0,71.0,Orthodox
Henrique Da Silva Lopes,75.0,,
Deni Daffa,72.0,74.0,Orthodox
Nicolas Dalby,71.0,74.0,Orthodox
Paul Daley,69.0,76.0,Orthodox
Dave Dalgliesh,74.0,,Orthodox
Richard Dalton,73.0,,Orthodox
Aisling Daly,62.0,64.0,Orthodox
Marko Damiani,72.0,,
Leonardo Damiani,70.0,69.0,Orthodox
Rodrigo Damm,67.0,71.0,Orthodox
Carina Damm,64.0,,
Batgerel Danaa,67.0,70.0,Orthodox
Cindy Dandois,67.0,,Orthodox
Peter Danesoe,69.0,68.0,Orthodox
Jarjis Danho,75.0,74.0,Orthodox
Jose Daniel Medina,72.0,74.0,Orthodox
Raymond Daniels,74.0,,Southpaw
Marques Daniels,,,
Anvarbek Daniyalbekov,,,
Alexandre Dantas,74.0,,Orthodox
Eduardo Dantas,70.0,,
Mac Danzig,68.0,70.0,Orthodox
Karen Darabedyan,67.0,68.0,Orthodox
Beneil Dariush,70.0,72.0,Southpaw
Sean Daugherty,72.0,,
Kyle Daukaus,74.0,76.0,Southpaw
Chris Daukaus,75.0,76.0,Orthodox
Brian Davidson,66.0,,
Rick Davis,69.0,,Orthodox
Marcus Davis,70.0,70.0,Southpaw
LC Davis,68.0,69.0,Southpaw
Phil Davis,74.0,79.0,Orthodox
Lemont Davis,68.0,,Orthodox
Mike Davis,,,
Justin Davis,71.0,,
Alexis Davis,66.0,68.0,Orthodox
Danny Davis,74.0,,
Brandon Davis,70.0,72.0,Orthodox
Mike Davis,72.0,72.0,Orthodox
Hakeem Dawodu,68.0,73.0,Orthodox
Grant Dawson,70.0,72.0,Switch
Jason Day,72.0,72.0,Orthodox
Martin Day,70.0,73.0,Orthodox
Angel De Anda,69.0,,Orthodox
Yorgan De Castro,72.0,74.0,Orthodox
Geraldo de Freitas,67.0,72.0,Orthodox
Philip De Fries,77.0,79.0,Orthodox
Chris de la Rocha,75.0,80.0,Orthodox
Montana De La Rosa,67.0,68.0,Orthodox
Mark De La Rosa,66.0,65.0,Orthodox
Mike de la Torre,71.0,71.0,Orthodox
Rodrigo de Lima,67.0,,Orthodox
Edilberto de Oliveira,72.0,,Orthodox
Johil de Oliveira,66.0,,Orthodox
Jorge de Oliveira,68.0,,Orthodox
Jair De Oliveira,69.0,69.0,
Isabela de Padua,63.0,64.0,Orthodox
Gloria de Paula,65.0,67.0,Orthodox
Germaine de Randamie,69.0,71.0,Orthodox
Reinier de Ridder,76.0,78.0,Southpaw
Crezio de Souza,,,Orthodox
Carl Deaton,67.0,69.0,Orthodox
Tom DeBlass,72.0,,Orthodox
Issac DeJesus,,,
Rafael Del Real,71.0,,
Shane del Rosario,76.0,,Southpaw
Wallen Del Rosario,64.0,67.0,Orthodox
Yadier del Valle,69.0,69.0,Southpaw
Jose Delano,68.0,70.0,Orthodox
Humberto DeLeon,,,
Rolando Delgado,75.0,77.0,Orthodox
Israel Delgado,70.0,,
Jose Delgado,71.0,74.0,Switch
Ante Delija,75.0,78.0,Orthodox
Jack Della Maddalena,71.0,73.0,Switch
Roland Delorme,69.0,71.0,Orthodox
Jon Delos Reyes,66.0,67.0,Orthodox
Jason DeLucia,71.0,,Southpaw
Justin DeMoney,,,
Vanessa Demopoulos,62.0,59.0,Orthodox
Chris Dempsey,70.0,72.0,Orthodox
Nick Denis,67.0,,Orthodox
Thomas Denny,70.0,,Orthodox
Robert Densley,69.0,,
Jason Dent,70.0,71.0,Orthodox
Mackenzie Dern,64.0,63.0,Orthodox
Booker DeRousse,74.0,,
Tony DeSouza,72.0,70.0,Southpaw
Robelis Despaigne,79.0,84.0,Orthodox
Cory Devela,60.0,,Orthodox
John Devine,,,
Edwin DeWees,73.0,,Orthodox
Alessio Di Chirico,72.0,74.0,Orthodox
Micol Di Segni,63.0,60.0,Orthodox
Cyrille Diabate,78.0,81.0,Southpaw
Thomas Diagne,73.0,,
Marc Diakiese,70.0,73.0,Orthodox
Tyler Diamond,67.0,69.0,Orthodox
Blood Diamond,71.0,76.0,Switch
Eldo Xavier Dias,71.0,,
Rafael Dias,69.0,,Orthodox
Hacran Dias,68.0,69.0,Orthodox
Victor Dias,66.0,69.0,Orthodox
Luis Felipe Dias,70.0,74.0,
Magno Dias,65.0,67.0,
Nick Diaz,73.0,76.0,Southpaw
Nate Diaz,72.0,76.0,Southpaw
Michael Diaz,,,
Ryan Diaz,,,
Adrian Diaz,70.0,,Southpaw
Ozzy Diaz,76.0,79.0,Orthodox
Juan Diaz,,,
Mark Dickman,69.0,,
Josh Diekmann,64.0,,
Kyle Dietz,68.0,,Orthodox
Seth Dikun,70.0,69.0,Orthodox
TJ Dillashaw,66.0,67.0,Orthodox
Ralph Dillon,74.0,,Orthodox
Drew Dimanlig,,,
Ding Meng,74.0,73.0,Orthodox
Rodolfo Marques Diniz,66.0,,
Jhonata Diniz,76.0,79.0,Orthodox
Helio Dipp,77.0,,Orthodox
Rico DiSciullo,68.0,,Orthodox
Matt Dixon,70.0,75.0,Switch
John Dixson,72.0,,Orthodox
Anthony Do,64.0,,
Russell Doane,67.0,70.0,Orthodox
Drew Dober,68.0,70.0,Southpaw
Shana Dobson,66.0,69.0,Orthodox
AJ Dobson,73.0,76.0,Orthodox
David Dodd,74.0,,Orthodox
John Dodson,63.0,66.0,Orthodox
Joe Doerksen,72.0,75.0,Orthodox
Mike Dolce,71.0,,
Roman Dolidze,74.0,76.0,Orthodox
Cameron Dollar,71.0,,Orthodox
CB Dollaway,74.0,76.0,Orthodox
Dennis Dombrow,,,
OJ Dominguez,,,
John Donaldson,68.0,,
Daniil Donchenko,71.0,71.0,Orthodox
Dong Huaxiang,63.0,61.0,Switch
Cody Donovan,75.0,74.0,Orthodox
Houston Dorr,73.0,,Orthodox
Rafael Dos Anjos,68.0,70.0,Southpaw
Junior Dos Santos,76.0,77.0,Orthodox
Geronimo dos Santos,75.0,,Orthodox
Antonio Dos Santos,70.0,,Orthodox
Anderson Dos Santos,65.0,70.0,Orthodox
Acacio Dos Santos,76.0,79.0,Orthodox
Rayanne dos Santos,62.0,62.0,Orthodox
Felipe dos Santos,67.0,70.0,Orthodox
Tiago dos Santos e Silva,69.0,70.0,Orthodox
Oleksandr Doskalchuk,66.0,,Southpaw
David Douglas,71.0,,
Damion Douglas,,,
Lerryan Douglas,69.0,72.0,Orthodox
Cedric Doumbe,70.0,,
John Dowdy,,,
Jordan Dowdy,,,
Danny Downes,72.0,72.0,Orthodox
Derek Downey,73.0,,Orthodox
John Doyle,71.0,,Orthodox
Edson Drago,76.0,,Orthodox
Jimmy Drago,70.0,71.0,Orthodox
Anthony Drilich,65.0,65.0,Southpaw
Kyle Driscoll,71.0,74.0,Orthodox
Chris Drumm,68.0,,
Tomasz Drwal,73.0,76.0,Orthodox
Robert Drysdale,75.0,,Orthodox
Dricus Du Plessis,73.0,76.0,Switch
Hugo Duarte,72.0,,Orthodox
Antonio Duarte,67.0,,
Joe Duarte,,,
Yuneisy Duben,64.0,65.0,Orthodox
Matthieu Duclos,75.0,77.0,Orthodox
Emily Ducote,62.0,63.0,Orthodox
Viktoriia Dudakova,65.0,67.0,Orthodox
Milana Dudieva,63.0,,Orthodox
Adin Duenas,66.0,,
Todd Duffee,75.0,78.0,Orthodox
Joe Duffy,70.0,73.0,Orthodox
Jack Duffy,67.0,69.0,Switch
Alexis Dufresne,69.0,,Orthodox
Jessamyn Duke,71.0,73.0,Orthodox
Islam Dulatov,75.0,75.0,Orthodox
Isaac Dulgarian,67.0,71.0,Orthodox
Kelly Dullanty,68.0,,Orthodox
Sedriques Dumas,74.0,79.0,Orthodox
Norma Dumont,67.0,67.0,Orthodox
Chris Duncan,70.0,71.0,Orthodox
Christian Leroy Duncan,74.0,79.0,Switch
Evan Dunham,70.0,70.0,Southpaw
Alex Dunworth,68.0,,
Tom Duquesnoy,67.0,68.0,Orthodox
Albert Duraev,71.0,75.0,Orthodox
Reuben Duran,67.0,71.0,Orthodox
Cody Durden,67.0,67.0,Southpaw
Luiz Dutra,71.0,,Orthodox
Rilley Dutro,68.0,,Orthodox
Bill Duvall,74.0,,Southpaw
Merab Dvalishvili,66.0,68.0,Orthodox
David Dvorak,65.0,68.0,Orthodox
Matt Dwyer,76.0,76.0,Orthodox
Rolando Dy,68.0,69.0,Orthodox
Shanelle Dyer,66.0,65.0,Orthodox
Ben Earwood,68.0,,Orthodox
Cody East,75.0,,Orthodox
Marvin Eastman,69.0,73.0,Orthodox
Mike Easton,66.0,70.0,Southpaw
Maurice Eazel,67.0,,
Vincent Eazelle,71.0,,
Ross Ebanez,69.0,,Southpaw
Brian Ebersole,72.0,73.0,Southpaw
Roybert Echeverria,65.0,67.0,Switch
Mark Eddiva,68.0,68.0,Orthodox
Frankie Edgar,66.0,68.0,Orthodox
Abdul-Kerim Edilov,74.0,,Orthodox
Johnny Eduardo,67.0,71.0,Orthodox
Yves Edwards,69.0,73.0,Southpaw
Justin Edwards,70.0,70.0,Orthodox
Leon Edwards,74.0,74.0,Southpaw
Te Edwards,68.0,72.0,Orthodox
Adli Edwards,,,
Joselyne Edwards,68.0,70.0,Orthodox
Tom Egan,71.0,,Orthodox
Stephanie Egger,66.0,68.0,Orthodox
Justin Eilers,73.0,,Orthodox
Jon Olav Einemo,78.0,,Orthodox
Per Eklund,70.0,72.0,Orthodox
John Elam,,,
Evan Elder,70.0,72.0,Switch
Billy Elekana,75.0,77.0,Southpaw
John Paul Elias,76.0,,
Joao Elias,63.0,64.0,Southpaw
Saul Elizondo,67.0,,
Darren Elkins,70.0,71.0,Orthodox
Jake Ellenberger,69.0,71.0,Orthodox
Joe Ellenberger,69.0,72.0,Orthodox
Tim Elliott,67.0,66.0,Southpaw
Oban Elliott,72.0,72.0,Orthodox
Eddy Ellis,69.0,,Orthodox
Lisa Ellis,64.0,,
Elisha Ellison,72.0,78.0,Orthodox
Anna Elmose,63.0,,Orthodox
Cameron Else,69.0,71.0,Switch
Aaron Ely,68.0,,
Sovannahry Em,64.0,,
Ramazan Emeev,70.0,76.0,Southpaw
Aleksander Emelianenko,78.0,,Orthodox
Fedor Emelianenko,72.0,74.0,Orthodox
Rob Emerson,69.0,70.0,Orthodox
Jamall Emmers,70.0,74.0,Orthodox
Josh Emmett,66.0,70.0,Orthodox
Marius Enache,71.0,,
Kevin Engel,74.0,,
Kolton Englund,70.0,69.0,Orthodox
Oliver Enkamp,72.0,77.0,Switch
Alex Enlund,70.0,,Orthodox
Kenny Ento,74.0,,
Ian Entwistle,65.0,,Orthodox
Andy Enz,75.0,78.0,Orthodox
Won Jin Eoh,67.0,,Orthodox
Yuji Ephoevi-Ga,72.0,75.0,Switch
Josh Epps,,,
Abdellah Er-Ramy,72.0,74.0,Orthodox
Steve Erceg,68.0,68.0,Orthodox
Tom Erikson,75.0,,Orthodox
Konstantin Erokhin,71.0,,Orthodox
Julian Erosa,73.0,74.0,Southpaw
Jarno Errens,71.0,73.0,Orthodox
Ivan Erslan,74.0,72.0,Orthodox
Nick Ertl,69.0,,
Chel Erwin-Davis,72.0,,
Bobby Escalante,,,
Eric Esch,71.0,,Orthodox
Pro Escobedo,,,
Cole Escovedo,67.0,72.0,Orthodox
Efrain Escudero,69.0,71.0,Orthodox
Evan Esguerra,,,
Carla Esparza,61.0,63.0,Orthodox
Juan Espino,75.0,80.0,Orthodox
Jordan Espinosa,66.0,69.0,Orthodox
Jodie Esquibel,61.0,64.0,Orthodox
Rafael Estevam,68.0,69.0,Orthodox
Achilles Estremadura,70.0,68.0,Orthodox
Shaun Etchell,67.0,68.0,Switch
Terry Etim,73.0,73.0,Orthodox
Fred Ettish,72.0,,Southpaw
Scott Ettling,,,
Sijara Eubanks,64.0,67.0,Orthodox
Billy Evangelista,68.0,68.0,Orthodox
Rashad Evans,72.0,75.0,Orthodox
Doug Evans,69.0,,Orthodox
Ashlee Evans-Smith,68.0,67.0,Orthodox
Dan Evensen,75.0,,Orthodox
Tonya Evinger,67.0,70.0,Orthodox
Movsar Evloev,67.0,72.0,Orthodox
Andre Ewell,68.0,75.0,Southpaw
Chris Ewert,72.0,75.0,Orthodox
Neal Ewing,,,
Manuel Exposito,67.0,68.0,Orthodox
Jessica Eye,66.0,66.0,Orthodox
Edward Faaloloto,,70.0,Orthodox
Urijah Faber,66.0,67.0,Orthodox
Melinda Fabian,66.0,66.0,Orthodox
Wagnney Fabiano,66.0,69.0,Southpaw
Bartosz Fabinski,72.0,75.0,Orthodox
Ron Faircloth,69.0,,Orthodox
Jason Fairn,73.0,,
Zarah Fairn,68.0,72.0,Orthodox
Rinat Fakhretdinov,72.0,74.0,Orthodox
Maiquel Falcao,71.0,,Orthodox
Pedro Falcao,66.0,66.0,Orthodox
Brodie Farber,73.0,,Orthodox
Joao Paulo Faria,69.0,,
Kalindra Faria,67.0,,Switch
Jair Farias,73.0,76.0,Orthodox
Chance Farrar,69.0,,Southpaw
Rico Farrington,76.0,79.0,Southpaw
Kelly Faszholz,68.0,,Orthodox
Rodney Faverus,72.0,,Southpaw
Paul Felder,71.0,70.0,Orthodox
Carlos Felipe,72.0,75.0,Orthodox
JP Felty,,,
Feng Pengchao,,,
Feng Xiaocan,67.0,67.0,Southpaw
Kevin Ferguson,74.0,77.0,Orthodox
Rhadi Ferguson,67.0,,
Tony Ferguson,71.0,76.0,Orthodox
Josh Ferguson,65.0,,Orthodox
CJ Fernandes,74.0,,
Bibiano Fernandes,67.0,,Orthodox
Gabriella Fernandes,66.0,66.0,Southpaw
Kaue Fernandes,69.0,73.0,Orthodox
Emily Fernandez,,,
Luke Fernandez,73.0,76.0,Orthodox
Lucas Fernando,75.0,80.0,
Alexandre Ferreira,67.0,,Orthodox
Cezar Ferreira,73.0,78.0,Southpaw
Diego Ferreira,69.0,74.0,Orthodox
Erisson Ferreira,66.0,70.0,Orthodox
Brunno Ferreira,70.0,72.0,Orthodox
Scott Ferrozzo,71.0,,Orthodox
Timo Feucht,75.0,79.0,Orthodox
Andre Fialho,72.0,74.0,Orthodox
Drew Fickett,70.0,70.0,Orthodox
Scott Fiedler,76.0,,Orthodox
Ron Fields,74.0,,Orthodox
Michal Figlak,70.0,70.0,Orthodox
Deiveson Figueiredo,65.0,68.0,Orthodox
Francisco Figueiredo,66.0,68.0,Southpaw
Anthony Figueroa,64.0,,Orthodox
Edwin Figueroa,67.0,69.0,Orthodox
Jonathan Figueroa,,,
Paulo Filho,68.0,,Southpaw
Jafel Filho,67.0,68.0,Orthodox
Andre Fili,71.0,74.0,Orthodox
Mirko Filipovic,74.0,73.0,Southpaw
Brady Fink,72.0,,Orthodox
Jesse Finney,72.0,,
Jan Finney,68.0,,Orthodox
Torrez Finney,68.0,75.0,Orthodox
Luigi Fioravanti,68.0,70.0,Orthodox
Nick Fiore,70.0,72.0,Orthodox
Manon Fiorot,67.0,65.0,Orthodox
Luiz Firmino,66.0,,Orthodox
Spencer Fisher,67.0,68.0,Southpaw
Chris Fishgold,68.0,68.0,Orthodox
Bryanna Fissori,64.0,,
Jon Fitch,72.0,74.0,Orthodox
Isi Fitikefu,70.0,,
Rafael Fiziev,68.0,71.0,Switch
Colin Fletcher,74.0,,Orthodox
AJ Fletcher,70.0,67.0,Switch
Nathan Fletcher,67.0,70.0,Orthodox
Jimmy Flick,67.0,68.0,Orthodox
Luke Flores,72.0,73.0,Southpaw
Ty Flores,75.0,73.0,Switch
Alejandro Flores,70.0,73.0,Orthodox
Kenny Florian,70.0,74.0,Southpaw
Darrius Flowers,69.0,71.0,Orthodox
Cody Floyd,,,
Bobby Flynn,,,
Caros Fodor,69.0,74.0,Orthodox
Mal Foki,67.0,,Orthodox
Matt Foki,67.0,,Orthodox
AJ Fonseca,64.0,,
Rob Font,68.0,71.0,Orthodox
Claudionor Fontinelle,65.0,,Orthodox
Jesse Forbes,74.0,75.0,Southpaw
Sterling Ford,70.0,,
Codale Ford,69.0,,
Raheam Forest,71.0,73.0,Switch
Jussier Formiga,65.0,67.0,Orthodox
Carol Foro,62.0,61.0,Orthodox
Renee Forte,67.0,71.0,Orthodox
Brianna Fortino,60.0,62.0,Southpaw
Marcel Fortuna,73.0,74.0,Orthodox
Brian Foster,69.0,71.0,Orthodox
Xavier Foupa-Pokam,73.0,,Open Stance
Mason Fowler,71.0,,
Brandon Foxworth,71.0,,Orthodox
Hermes Franca,66.0,71.0,Orthodox
Glaico Franca Moreira,72.0,77.0,Orthodox
Francisco France,72.0,,
John Franchi,66.0,67.0,Orthodox
Felipe Franco,73.0,76.0,Orthodox
Rich Franklin,73.0,76.0,Southpaw
Xavier Franklin,66.0,66.0,Southpaw
Zoila Frausto,64.0,,Orthodox
Stephanie Frausto,62.0,61.0,Orthodox
Zane Frazier,77.0,,Orthodox
Gary Frazier,72.0,,Orthodox
Justin Frazier,72.0,75.0,Southpaw
Ian Freeman,71.0,,Orthodox
Jason Freeman,74.0,,
Kennedy Freeman,,,
Denzel Freeman,,,
Willamy Freire,68.0,,Orthodox
Patricio Freire,66.0,67.0,Orthodox
Patricky Freire,67.0,71.0,
Jeremy Freitag,73.0,,
Rafael Freitas,,,Orthodox
Donavon Frelow,67.0,,Orthodox
Josh Fremd,76.0,76.0,Orthodox
Clay French,67.0,,Southpaw
Mike French,70.0,,
Matt Frevola,69.0,71.0,Orthodox
Jinh Yu Frey,63.0,65.0,Southpaw
Artem Frolov,70.0,,
Sarah Frota,66.0,69.0,Southpaw
Daniel Frunza,73.0,73.0,Orthodox
Don Frye,73.0,,Orthodox
Allen Frye Jr.,,,
Tony Fryklund,72.0,,Orthodox
Adam Fugitt,73.0,77.0,Southpaw
Jesse Fujarczyk,76.0,,Southpaw
Katsuhisa Fujii,72.0,,Orthodox
Megumi Fujii,63.0,,
Kazuyuki Fujita,72.0,,Orthodox
Keisuke Fujiwara,66.0,,Switch
Riki Fukuda,72.0,73.0,Southpaw
Masio Fullen,70.0,70.0,Orthodox
Travis Fulton,72.0,,Orthodox
Sam Fulton,,,
Masakatsu Funaki,72.0,,Southpaw
Ricardo Funch,70.0,74.0,Southpaw
Katsuaki Furuki,72.0,,
James Gabert,,,
Gustavo Gabriel,66.0,,Orthodox
Claudia Gadelha,64.0,63.0,Orthodox
Alavutdin Gadjiev,74.0,,Orthodox
Magomed Gadzhiyasulov,74.0,75.0,Orthodox
Justin Gaethje,71.0,70.0,Orthodox
Sheila Gaff,65.0,,Orthodox
Muin Gafurov,67.0,68.0,Orthodox
Mitch Gagnon,65.0,65.0,Southpaw
Brandon Gaines,75.0,,
Travis Galbraith,72.0,,Orthodox
Dave Galera,71.0,,Orthodox
Zelg Galesic,74.0,,Orthodox
Mickey Gall,74.0,74.0,Switch
Daniel Gallemore,77.0,,
Tom Gallicchio,70.0,,Southpaw
Turrell Galloway,63.0,,
Eric Galvan,,,
Andre Galvao,67.0,,Orthodox
Marcos Galvao,67.0,,Orthodox
Lucas Gamaza,,,
Joey Gambino,67.0,,Orthodox
Manvel Gamburyan,65.0,67.0,Orthodox
Mateusz Gamrot,70.0,70.0,Southpaw
Shamil Gamzatov,74.0,76.0,Orthodox
Ryan Gandra,73.0,74.0,Orthodox
Ariel Gandulla,71.0,,Orthodox
Ciryl Gane,76.0,81.0,Orthodox
Sean Gannon,75.0,,Southpaw
Tommy Gantt,71.0,76.0,Orthodox
Junye Gao,,,
Eduardo Garagorri,69.0,70.0,Orthodox
Cody Garbrandt,68.0,65.0,Orthodox
Leonard Garcia,70.0,68.0,Orthodox
Edgar Garcia,70.0,71.0,Orthodox
Alejandro Garcia,67.0,,
Alex Garcia,69.0,72.0,Orthodox
Nick Garcia,64.0,,
Steve Garcia,72.0,75.0,Southpaw
Elias Garcia,65.0,67.0,Southpaw
Rafa Garcia,67.0,70.0,Orthodox
Fernie Garcia,67.0,67.0,Orthodox
Rulon Gardner,75.0,,Orthodox
David Gardner,71.0,,Orthodox
Pablo Garza,73.0,73.0,Orthodox
Azamat Gashimov,66.0,,Orthodox
Brian Gassaway,73.0,,Orthodox
Kelvin Gastelum,69.0,71.0,Southpaw
Willie Gates,68.0,72.0,Orthodox
Melissa Gatto,65.0,69.0,Orthodox
Sean Gauci,65.0,64.0,Switch
Louis Gaudinot,63.0,63.0,Orthodox
Ateba Gautier,76.0,81.0,Switch
Manuel Gaxhja,68.0,,Switch
Shamil Gaziev,76.0,78.0,Orthodox
Charlene Gellner,62.0,,
Chad George,66.0,68.0,Southpaw
Paul Georgieff,74.0,,Orthodox
Brian Geraghty,67.0,,Orthodox
Derek Getzel,72.0,,
Karine Gevorgyan,64.0,63.0,
Yanis Ghemmouri,69.0,69.0,Orthodox
Darrel Gholar,68.0,,Orthodox
Tiki Ghosn,70.0,,Orthodox
Christos Giagos,70.0,71.0,Orthodox
Joe Giannetti,72.0,74.0,Southpaw
Nick Gibbons,70.0,,
James Giboo,71.0,,Orthodox
Lance Gibson,69.0,,Orthodox
Lee Gibson,67.0,,
Cody Gibson,70.0,71.0,Orthodox
Chase Gibson,70.0,72.0,Orthodox
Kenny Giddens,71.0,,
Thomas Gifford,73.0,75.0,Orthodox
Joseph Gigliotti,71.0,,Orthodox
Joey Gilbert,71.0,,Orthodox
Trevin Giles,72.0,74.0,Orthodox
Kultar Gill,72.0,,Orthodox
Jesse Gillespie,,,
Gregor Gillespie,67.0,71.0,Orthodox
Jason Gilliam,72.0,,Orthodox
Micheal Gillmore,71.0,72.0,Orthodox
Krishaun Gilmore,,,
Alex Gilpin,67.0,,Orthodox
Bob Gilstrap,75.0,,Orthodox
Max Gimenis,,,
Eperaim Ginting,64.0,64.0,Orthodox
Demetrius Gioulacos,71.0,,
Billy Giovanella,68.0,,
He-Man Gipson,,,
Israel Giron,68.0,,
Brandon Girtz,67.0,,
Jason Glaza,72.0,,
Mike Glenn,,,
Ricky Glenn,72.0,70.0,Southpaw
Ivan Gnizditskiy,,,
Mark Godbeer,76.0,77.0,Orthodox
Clint Godfrey,66.0,,Southpaw
Loopy Godinez,62.0,61.0,Orthodox
Jason Godsey,74.0,,Orthodox
Allan Goes,72.0,,Orthodox
Billy Ray Goff,70.0,72.0,Switch
Amiran Gogoladze,73.0,74.0,Switch
Jonny Goh,71.0,,
Hannah Goldy,64.0,61.0,Orthodox
Marcelo Golm,75.0,75.0,Orthodox
Denise Gomes,62.0,63.0,Orthodox
Sergio Gomez,66.0,,Orthodox
Frank Gomez,70.0,67.0,Orthodox
Alan Gomez,,,
David Gomez,,,
Ulysses Gomez,66.0,,Orthodox
Joey Gomez,70.0,73.0,Orthodox
Luis Gomez,67.0,68.0,Orthodox
Joey Gomez,70.0,71.0,Orthodox
Edson Gomez,68.0,69.0,Switch
Silvana Gomez Juarez,63.0,65.0,Orthodox
Takanori Gomi,67.0,70.0,Southpaw
William Gomis,72.0,73.0,Southpaw
Akihiro Gono,67.0,68.0,Switch
Gabriel Gonzaga,74.0,76.0,Orthodox
Justin Gonzales,69.0,72.0,Orthodox
Fernando Gonzalez,69.0,68.0,Southpaw
Nick Gonzalez,66.0,,Orthodox
Fabian Gonzalez,70.0,,
Lewis Gonzalez,70.0,,Orthodox
Jason Gonzalez,74.0,74.0,Southpaw
Pearl Gonzalez,64.0,,Orthodox
Jorge Gonzalez,74.0,76.0,Orthodox
Mikey Gonzalez,71.0,74.0,Orthodox
Erick Gonzalez,71.0,75.0,Orthodox
Jennifer Gonzalez,62.0,,
Kier Gooch,,,
Lyman Good,72.0,74.0,Orthodox
Jared Gooden,72.0,77.0,Orthodox
Gary Goodridge,75.0,,Orthodox
Jordan Goodwin,,,
Gerard Gordeau,77.0,,Orthodox
Eddie Gordon,72.0,76.0,Orthodox
Jared Gordon,69.0,68.0,Orthodox
Tebaris Gordon,73.0,,Orthodox
Malcolm Gordon,67.0,71.0,Switch
Tresean Gore,72.0,75.0,Switch
Alex Gorgees,74.0,74.0,Switch
Themba Gorimbo,73.0,77.0,Orthodox
Tim Gorman,65.0,,Southpaw
Chase Gormley,75.0,,Orthodox
Jonathan Goulet,72.0,73.0,Orthodox
Thibault Gouti,70.0,72.0,Orthodox
Wilson Gouveia,73.0,76.0,Orthodox
Todd Gouwenberg,73.0,,Orthodox
Hugo Govea,,,
Justin Governale,,,
Damian Grabowski,73.0,75.0,Orthodox
Patryk Grabowski,,,
Royce Gracie,73.0,,Southpaw
Crosley Gracie,69.0,,Orthodox
Daniel Gracie,74.0,,Orthodox
Ralph Gracie,69.0,,Orthodox
Renzo Gracie,70.0,,Orthodox
Rickson Gracie,70.0,,Switch
Rodrigo Gracie,72.0,,Orthodox
Royler Gracie,68.0,,Southpaw
Ryan Gracie,69.0,,Orthodox
Ralek Gracie,74.0,,Orthodox
Rolles Gracie,76.0,,Orthodox
Cesar Gracie,70.0,,Orthodox
Roger Gracie,76.0,79.0,Orthodox
Igor Gracie,71.0,,
Neiman Gracie,72.0,,
Kron Gracie,69.0,70.0,Southpaw
Bogdan Grad,68.0,70.0,Orthodox
Steven Graham,73.0,,Orthodox
Scott Graham,76.0,,Orthodox
Miranda Granger,67.0,68.0,Orthodox
TJ Grant,70.0,72.0,Orthodox
Davey Grant,68.0,69.0,Orthodox
Dwight Grant,73.0,76.0,Switch
Alexa Grasso,65.0,66.0,Orthodox
Tony Gravely,65.0,69.0,Orthodox
Michael Graves,70.0,71.0,Orthodox
Shelton Graves,74.0,76.0,Southpaw
James Gray,69.0,,Orthodox
Kevin Gray,64.0,67.0,Orthodox
Sam Greco,74.0,,Orthodox
King Green,70.0,71.0,Orthodox
Desmond Green,70.0,73.0,Southpaw
Gabe Green,70.0,73.0,Switch
Maurice Greene,79.0,80.0,Orthodox
Matt Grice,68.0,70.0,Orthodox
Forrest Griffin,75.0,77.0,Orthodox
Tyson Griffin,66.0,68.0,Orthodox
Max Griffin,71.0,76.0,Orthodox
Jordan Griffin,70.0,73.0,Southpaw
Chad Griggs,73.0,73.0,Orthodox
Charalampos Grigoriou,67.0,67.0,Orthodox
Chuck Grigsby,78.0,,Orthodox
Rodrigo Gripp de Sousa,71.0,,Orthodox
Maxim Grishin,75.0,78.0,Orthodox
Josh Grispi,71.0,74.0,Orthodox
Garrett Gross,69.0,,Orthodox
Kendall Grove,78.0,79.0,Orthodox
Neil Grove,78.0,,Orthodox
Chris Gruetzemacher,68.0,68.0,Orthodox
Vik Grujic,71.0,73.0,Orthodox
Mike Grundy,67.0,72.0,Orthodox
Wang Guan,69.0,71.0,Orthodox
Anthony Guarascio,74.0,72.0,Orthodox
Nandor Guelmino,75.0,,
Fabricio Guerreiro,70.0,,
Rainn Guerrero,66.0,65.0,Orthodox
Shannon Gugerty,70.0,71.0,Orthodox
Clay Guida,67.0,70.0,Orthodox
Jason Guida,70.0,,
Melvin Guillard,69.0,71.0,Orthodox
Chris Guillen,72.0,,Orthodox
Marcelo Guimaraes,72.0,73.0,Orthodox
Leonardo Guimaraes,72.0,,Orthodox
Brad Gumm,71.0,,Orthodox
John Gunderson,69.0,69.0,Orthodox
John Gunther,69.0,72.0,Orthodox
Jorge Gurgel,67.0,69.0,Orthodox
Fabio Gurgel,72.0,,Orthodox
Luis Gurule,65.0,64.0,Orthodox
Bogdan Guskov,75.0,76.0,Orthodox
Gugun Gusman,67.0,68.0,Orthodox
Andre Gusmao,72.0,,Orthodox
Alexander Gustafsson,77.0,79.0,Orthodox
Andreas Gustafsson,73.0,73.0,Orthodox
Justin Guthrie,73.0,,
Horacio Gutierrez,70.0,,
Chris Gutierrez,69.0,67.0,Orthodox
Mando Gutierrez,66.0,70.0,Southpaw
Mike Guymon,72.0,74.0,Orthodox
Chelsea Hackett,64.0,66.0,Switch
Keith Hackney,71.0,,Sideways
Cody Haddon,67.0,69.0,Orthodox
Jake Hadley,67.0,70.0,Southpaw
Steve Hadsel,68.0,,
Damir Hadzovic,69.0,70.0,Orthodox
Bassil Hafez,71.0,72.0,Orthodox
Tim Hague,76.0,76.0,Orthodox
Theo Haig,74.0,77.0,Orthodox
Yazan Hajeh,69.0,,Orthodox
Stoney Hale,72.0,,
Kevin Haley,74.0,,
Mark Hall,72.0,,Orthodox
Uriah Hall,72.0,79.0,Orthodox
Ryan Hall,70.0,70.0,Southpaw
Dennis Hallman,69.0,72.0,Orthodox
Piotr Hallmann,69.0,71.0,Orthodox
Tony Halme,75.0,,Orthodox
Brandon Halsey,72.0,,
John Halverson,69.0,,Southpaw
Seo Hee Ham,62.0,62.0,Southpaw
Frank Hamaker,,,
Kazuhiro Hamanaka,72.0,,Southpaw
Rami Hamed,73.0,71.0,Orthodox
Matt Hamill,73.0,76.0,Orthodox
Jeremy Hamilton,,,
Anthony Hamilton,77.0,76.0,Orthodox
CJ Hamilton,67.0,68.0,Switch
Jared Hamman,75.0,75.0,Orthodox
James Hammortree,75.0,,Orthodox
Dean Hancock,,,
Chad Hanekom,76.0,74.0,Orthodox
Joachim Hansen,67.0,,Southpaw
Kay Hansen,62.0,63.0,Orthodox
Nasrat Haqparast,70.0,72.0,Southpaw
Shin Haraguchi,65.0,68.0,Switch
Janay Harding,,,
Antoni Hardonk,76.0,78.0,Orthodox
George Hardwick,70.0,72.0,Orthodox
Harry Hardwick,68.0,71.0,Switch
Dan Hardy,72.0,74.0,Orthodox
Veronica Hardy,64.0,64.0,Southpaw
Greg Hardy,77.0,80.0,Orthodox
Tobias Harila,,,
Baru Harn,,,
Scott Harper,72.0,,Orthodox
Josiah Harrell,67.0,68.0,Southpaw
Gerry Harris,80.0,,Orthodox
Gerald Harris,71.0,77.0,Southpaw
Phil Harris,64.0,65.0,Orthodox
Walt Harris,77.0,77.0,Southpaw
Dhafir Harris,,,
Trevor Harris,66.0,,
Carlston Harris,72.0,76.0,Orthodox
Kayla Harrison,68.0,66.0,Southpaw
Collin Hart,73.0,,Orthodox
Joey Hart,75.0,79.0,Orthodox
Dale Hartt,70.0,69.0,Orthodox
Luke Hartwig,,,
Clay Harvison,73.0,74.0,Orthodox
Hidehiko Hasegawa,69.0,,
Chris Haseman,71.0,,Orthodox
Takayo Hashi,64.0,,Orthodox
Tomohiko Hashimoto,72.0,,Orthodox
Justin Haskins,70.0,,Orthodox
Hayder Hassan,70.0,,
Ahmad Hassanzada,73.0,75.0,Orthodox
Daiki Hata,66.0,,Orthodox
John Hathaway,73.0,75.0,Orthodox
Phil Hawes,72.0,77.0,Orthodox
Justin Hawes,71.0,,
Chris Hawk,73.0,,
Del Hawkins,65.0,,Orthodox
Tommy Hayden,69.0,,Southpaw
Mike Hayes,76.0,,Orthodox
Ryan Hayes,,,
Gerric Hayes,70.0,,
Josh Haynes,69.0,,Orthodox
Dustin Hazelett,73.0,76.0,Orthodox
James Head,73.0,73.0,Orthodox
Pat Healy,72.0,72.0,Orthodox
Ryan Healy,73.0,,Orthodox
Spencer Hearns,71.0,,
David Heath,71.0,72.0,Orthodox
Chris Heatherly,69.0,,Orthodox
Jake Hecht,72.0,73.0,Orthodox
Donavon Hedrick,71.0,76.0,Orthodox
Nick Hein,66.0,66.0,Southpaw
Ian Heinisch,71.0,72.0,Orthodox
Marcin Held,69.0,71.0,Orthodox
Delson Heleno,71.0,,Orthodox
Matt Helm,,,
Elisha Helsper,66.0,,Orthodox
Dan Henderson,71.0,74.0,Orthodox
Benson Henderson,69.0,70.0,Southpaw
Ron Henderson,70.0,,
Josh Hendricks,74.0,,Southpaw
Johny Hendricks,69.0,69.0,Southpaw
Cory Hendricks,75.0,,Switch
Luis Henrique,74.0,74.0,Orthodox
Jose Henrique,75.0,79.0,Orthodox
Paulo Henrique,67.0,69.0,
Diego Henrique da Silva,74.0,,Orthodox
Danny Henry,72.0,73.0,Orthodox
Victor Henry,67.0,68.0,Switch
TJ Hepburn,67.0,,
Jai Herbert,73.0,77.0,Orthodox
Ed Herman,73.0,77.0,Orthodox
Dave Herman,76.0,77.0,Orthodox
Jack Hermansson,73.0,77.0,Orthodox
Noe Hernandez,,,Orthodox
Joe Hernandez,,,
Ramiro Hernandez,69.0,,Orthodox
Alexander Hernandez,69.0,72.0,Orthodox
Anthony Hernandez,72.0,75.0,Orthodox
Nohelin Hernandez,70.0,71.0,Orthodox
Carlos Hernandez,68.0,67.0,Orthodox
Leslie Hernandez,63.0,64.0,Orthodox
Paul Herrera,70.0,,Orthodox
Chris Herrera,70.0,,
Geane Herrera,65.0,66.0,Orthodox
Alvaro Herrera Mendoza,72.0,74.0,Orthodox
Felice Herrig,64.0,65.0,Orthodox
Heath Herring,76.0,78.0,Orthodox
Jon Hess,79.0,,
Clint Hester,74.0,77.0,Orthodox
Brandon Hester,73.0,,
Jimy Hettes,69.0,71.0,Southpaw
Conor Heun,70.0,,Orthodox
Marcus Hicks,66.0,64.0,Southpaw
Jay Hieron,72.0,75.0,Orthodox
Brady Hiestand,68.0,71.0,Orthodox
Lee Higgins,,,
Jason High,68.0,73.0,Southpaw
Richie Hightower,68.0,,Orthodox
Alex Higley,70.0,,
Corey Hill,76.0,80.0,Orthodox
Isaiah Hill,70.0,,
Angela Hill,63.0,64.0,Orthodox
Tyler Hill,75.0,,Switch
Jamahal Hill,76.0,79.0,Southpaw
Kailan Hill,73.0,77.0,Southpaw
Alvin Hines,74.0,74.0,Orthodox
Branden Lee Hinkle,75.0,,Orthodox
Hatsu Hioki,71.0,73.0,Orthodox
Alan Hiro,65.0,,Orthodox
Kuniyoshi Hironaka,70.0,70.0,Orthodox
Mizuto Hirota,67.0,67.0,Orthodox
Yuji Hisamatsu,70.0,,
An Tuan Ho,66.0,66.0,Switch
Kwan Ho Kwak,65.0,,Switch
Matt Hobar,70.0,70.0,Southpaw
Bobby Hoffman,74.0,,Orthodox
Chris Hofmann,72.0,72.0,Orthodox
Sam Hoger,74.0,,Orthodox
Josh Hokit,73.0,73.0,Orthodox
Andrew Holbrook,71.0,70.0,Southpaw
Sean Holden,70.0,,
Chris Holdsworth,71.0,,
Kevin Holland,75.0,81.0,Orthodox
Roger Hollett,71.0,,Orthodox
Max Holloway,71.0,69.0,Orthodox
Gabrielle Holloway,63.0,,
Jeremie Holloway,72.0,,
Holly Holm,68.0,69.0,Southpaw
Rex Holman,75.0,,Southpaw
Joseph Holmes,76.0,80.0,Orthodox
Brandon Holmes,74.0,74.0,Orthodox
Kurt Holobaugh,71.0,70.0,Orthodox
Paddy Holohan,70.0,69.0,Orthodox
Ben Holscher,71.0,,
Mark Holst,72.0,,Orthodox
Scott Holtzman,69.0,69.0,Orthodox
Sabah Homasi,72.0,72.0,Orthodox
Mark Hominick,68.0,68.0,Orthodox
Barb Honchak,64.0,65.0,Orthodox
Chris Honeycutt,70.0,73.0,
JunYoung Hong,69.0,69.0,Orthodox
SeongChan Hong,67.0,69.0,Orthodox
Satoshi Honma,73.0,,Orthodox
David Hood,72.0,,
Lorenzo Hood,75.0,80.0,Southpaw
Dan Hooker,72.0,75.0,Switch
Chase Hooper,73.0,74.0,Southpaw
Darrell Horcher,70.0,70.0,Southpaw
Moti Horenstein,76.0,,Orthodox
Yoshinori Horie,68.0,70.0,Orthodox
Kyoji Horiguchi,65.0,66.0,Orthodox
Yuma Horiuchi,66.0,67.0,Switch
Jeremy Horn,73.0,74.0,Orthodox
Matt Horning,64.0,,
Chris Horodecki,69.0,69.0,Orthodox
Jamey-Lyn Horth,67.0,66.0,Orthodox
Matt Horwich,73.0,,Orthodox
John Hosman,70.0,,Southpaw
Saeed Hosseini,,,
Jeff Hougland,67.0,68.0,Orthodox
Trey Houston,71.0,,
Jamie Houston,,,
Brian Houston,74.0,,Orthodox
Harold Howard,74.0,,Orthodox
John Howard,67.0,72.0,Orthodox
Shane Howell,68.0,,Orthodox
Hu Yaozong,75.0,72.0,Orthodox
Carlos Huachin,64.0,67.0,Southpaw
Brady Huang,69.0,69.0,Orthodox
Yuele Huang,,,
Huang Feier,65.0,65.0,Orthodox
Austin Hubbard,70.0,71.0,Orthodox
Collin Huckbody,75.0,76.0,Orthodox
Alex Huddleston,79.0,,
Roger Huerta,69.0,70.0,Orthodox
Casey Huffman,75.0,,
Matt Hughes,69.0,73.0,Switch
Mark Hughes,69.0,,Southpaw
Jeff Hughes,74.0,77.0,Orthodox
Sam Hughes,65.0,64.0,Orthodox
Victor Hugo,67.0,71.0,Orthodox
David Hulett,70.0,,
Dominik Humburger,,,
Bryan Humes,,,
Abongo Humphrey,71.0,,Orthodox
Harry Hunsucker,74.0,75.0,Orthodox
Mark Hunt,70.0,72.0,Orthodox
Alex Hunter,69.0,,Orthodox
Adam Hunter,73.0,,Orthodox
Joe Hurley,68.0,,
Solomon Hutcherson,71.0,,Southpaw
Young Hwang,69.0,,
In Su Hwang,71.0,74.0,Orthodox
Al Iaquinta,70.0,70.0,Orthodox
Khadis Ibragimov,75.0,78.0,Orthodox
Minoki Ichihara,67.0,,Orthodox
Alibi Idiris,66.0,68.0,Orthodox
Dan Ige,67.0,71.0,Orthodox
Valeri Ignatov,69.0,,Orthodox
Sergey Ignatov,69.0,,Orthodox
Fabiano Iha,68.0,,Orthodox
Seichi Ikemoto,71.0,,Orthodox
Mikhail Iloukhine,69.0,,Orthodox
Zelim Imadaev,72.0,76.0,Orthodox
Yusuke Imamura,68.0,,Orthodox
Masakazu Imanari,64.0,,Southpaw
Nassourdine Imavov,75.0,75.0,Orthodox
Brad Imes,79.0,,Orthodox
Michael Imperato,67.0,66.0,Switch
Rui Imura,70.0,69.0,Southpaw
Chris Indich,70.0,,
Chris Inman,,,
Guto Inocente,75.0,,Orthodox
Enson Inoue,70.0,,Orthodox
Egan Inoue,69.0,,Southpaw
Katsuya Inoue,69.0,,Southpaw
Takeshi Inoue,68.0,,
Naoki Inoue,69.0,71.0,Orthodox
Jorge Interiano,73.0,,
Jason Ireland,69.0,,Southpaw
James Irvin,74.0,75.0,Orthodox
Eric Irvin,68.0,,
Issa Isakov,69.0,70.0,Orthodox
Mitsuhiro Ishida,66.0,,Southpaw
Teruto Ishihara,67.0,69.0,Southpaw
Satoshi Ishii,71.0,,Orthodox
Yuki Ishikawa,71.0,,Orthodox
Eiji Ishikawa,70.0,,
Tokimitsu Ishizawa,72.0,,Orthodox
Damir Ismagulov,70.0,74.0,Orthodox
Wallid Ismail,67.0,,Orthodox
Leandro Issa,67.0,69.0,Orthodox
Kuya Ito,65.0,66.0,Orthodox
Blagoy Ivanov,71.0,73.0,Southpaw
Anthony Ivy,74.0,74.0,Orthodox
Tomomi Iwama,63.0,,Orthodox
Tatsuya Iwasaki,69.0,,Orthodox
Taiga Iwasaki,73.0,73.0,Orthodox
Saygid Izagakhmaev,,,
Yoislandy Izquierdo,71.0,,Southpaw
Hiroshi Izumi,,,Orthodox
Yves Jabouin,67.0,68.0,Orthodox
Kevin Jackson,70.0,,Switch
Eugene Jackson,68.0,,Orthodox
Quinton Jackson,73.0,73.0,Orthodox
Jeremy Jackson,70.0,,Orthodox
Damon Jackson,71.0,71.0,Switch
Kenyon Jackson,72.0,,
Mike Jackson,74.0,74.0,Orthodox
Jason Jackson,73.0,78.0,Orthodox
Montel Jackson,70.0,75.0,Southpaw
Eric Jacob,,,
Richard Jacobi,76.0,75.0,Orthodox
Dustin Jacoby,75.0,76.0,Orthodox
Justin James,70.0,,Orthodox
Nate James,72.0,,
Virna Jandiroba,63.0,64.0,Orthodox
Ryan Janes,75.0,76.0,Orthodox
YunSeong Jang,72.0,72.0,Orthodox
Josh Janousek,71.0,,Orthodox
Dave Jansen,69.0,73.0,Orthodox
Jaime Jara,73.0,,Southpaw
Gigo Jara,69.0,,
Keith Jardine,74.0,76.0,Orthodox
Brock Jardine,71.0,,Orthodox
Josh Jarvis,,,
Rony Jason,67.0,73.0,Orthodox
Jasmine Jasudavicius,67.0,68.0,Orthodox
Louis Jauregui,67.0,,
Yazmin Jauregui,63.0,64.0,Orthodox
Justin Jaynes,67.0,68.0,Orthodox
Joanna Jedrzejczyk,66.0,65.0,Orthodox
Aaron Jeffery,74.0,73.0,Orthodox
Trent Jenkins,74.0,,
Bubba Jenkins,67.0,,
Adrienna Jenkins,68.0,,
Brandon Jenkins,72.0,71.0,Switch
Jack Jenkins,67.0,68.0,Switch
Steve Jennum,70.0,,Orthodox
Ryan Jensen,73.0,76.0,Orthodox
Kyle Jensen,69.0,,Orthodox
Chan-Mi Jeon,65.0,,Orthodox
Maciej Jewtuszko,72.0,,Southpaw
Ronald Jhun,71.0,,Orthodox
Baergeng Jieleyisi,69.0,71.0,Orthodox
Gilbert Jimenez,,,
Ramiro Jimenez,69.0,73.0,Southpaw
Art Jimmerson,73.0,,Orthodox
Ryan Jimmo,73.0,73.0,Orthodox
Jinensibieke Asikeerbai,66.0,69.0,Orthodox
 Jiniushiyue,66.0,68.0,Southpaw
Sung Bin Jo,72.0,72.0,Orthodox
Carls John De Tomas,65.0,71.0,Southpaw
Phil Johns,62.0,,Southpaw
Brett Johns,67.0,71.0,Orthodox
Miles Johns,67.0,68.0,Orthodox
Anthony Johnson,74.0,78.0,Orthodox
DaMarques Johnson,73.0,75.0,Orthodox
Devin Johnson,,,
Travis Johnson,,,
Ricky Johnson,68.0,,Orthodox
Tony Johnson,74.0,76.0,Orthodox
Lavar Johnson,76.0,82.0,Orthodox
Demetrious Johnson,63.0,66.0,Orthodox
Michael Johnson,70.0,73.0,Southpaw
Deshaun Johnson,,,
Kajan Johnson,71.0,75.0,Orthodox
Dashon Johnson,67.0,,Orthodox
Timothy Johnson,75.0,77.0,Southpaw
Tony Johnson,73.0,,
Jordan Johnson,74.0,79.0,Orthodox
Taylor Johnson,72.0,74.0,Switch
Chad Johnson,74.0,80.0,Orthodox
Jose Johnson,72.0,71.0,Orthodox
Charles Johnson,69.0,70.0,Switch
Donte Johnson,68.0,74.0,Southpaw
Brian Johnston,75.0,,Orthodox
Liana Jojua,64.0,62.0,Orthodox
Nikola Joksovic,,,
Daniel Jolly,73.0,75.0,Orthodox
Paul Jones,69.0,,Orthodox
Jon Jones,76.0,84.0,Orthodox
Nathan Jones,83.0,,Orthodox
Marcus Jones,78.0,,Orthodox
Carlton Jones,73.0,,Orthodox
Jesse Jones,69.0,,
Tito Jones,68.0,,Southpaw
Roy Jones,,,
Justin Jones,71.0,,Orthodox
Ben Jones,,,
Victor Jones,,,
Chris Jones,69.0,,
Roshaun Jones,68.0,,
Jamelle Jones,72.0,75.0,Orthodox
Antonio Jones,71.0,,Orthodox
Trevin Jones,67.0,70.0,Southpaw
Mason Jones,70.0,74.0,Orthodox
Craig Jones,,,
Jacobi Jones,69.0,72.0,Orthodox
Jocelyn Jones-Lybarger,67.0,64.0,Orthodox
Kevin Jordan,75.0,,Orthodox
Joe Jordan,66.0,,Orthodox
Shawn Jordan,72.0,75.0,Southpaw
Ivan Jorge,69.0,73.0,Orthodox
Scott Jorgensen,65.0,66.0,Orthodox
Gareth Joseph,,,
Dwight Joseph,66.0,,Switch
Jeff Joslin,72.0,,Orthodox
Krzysztof Jotko,73.0,77.0,Southpaw
Alan Jouban,72.0,73.0,Southpaw
Charles Jourdain,69.0,69.0,Switch
Louis Jourdain,69.0,69.0,Orthodox
Kevin Jousset,74.0,75.0,Orthodox
Mike Joy,66.0,,Southpaw
Dustin Joynson,78.0,78.0,Orthodox
Tony Juarez,,,
Jesse Juarez,73.0,,Orthodox
Ernie Juarez,68.0,70.0,
Anshul Jubli,72.0,69.0,Switch
Carli Judice,67.0,68.0,Southpaw
Steve Judson,71.0,,Orthodox
Luke Jumeau,71.0,72.0,Orthodox
Bu-Kyung Jung,67.0,,Orthodox
Chan Sung Jung,67.0,72.0,Orthodox
Young Sam Jung,68.0,,Orthodox
Da Woon Jung,76.0,78.0,Orthodox
Scott Junk,73.0,,Orthodox
Myles Jury,70.0,73.0,Orthodox
Cristiane Justino,68.0,68.0,Orthodox
Patrick Kaase,69.0,,
Emily Kagan,63.0,,
Oron Kahlon,68.0,70.0,Orthodox
 Kaiwen,68.0,71.0,Switch
Sirwan Kakai,65.0,,Orthodox
Saidyokub Kakhramonov,68.0,69.0,Orthodox
Geza Kalman,73.0,,
Bryson Kamaka,71.0,,Orthodox
Kai Kamaka,67.0,69.0,Orthodox
Shah Kamali,,,
Shuya Kamikubo,65.0,68.0,Switch
Daichi Kamiya,68.0,68.0,Southpaw
Martin Kampmann,72.0,72.0,Orthodox
Koya Kanda,69.0,75.0,Southpaw
Bharat Kandare,67.0,72.0,Orthodox
Hiromitsu Kanehara,70.0,,Orthodox
Masanori Kanehara,67.0,67.0,Orthodox
Ken Kaneko,72.0,,Orthodox
Denis Kang,71.0,77.0,Orthodox
Kyung Ho Kang,69.0,73.0,Orthodox
Manel Kape,65.0,68.0,Southpaw
David Kaplan,67.0,,Orthodox
Kai Kara-France,64.0,69.0,Orthodox
Georgi Karakhanyan,68.0,,
Alex Karalexis,68.0,66.0,Orthodox
Ernesta Kareckaite,69.0,71.0,Orthodox
Impa Kasanganay,71.0,75.0,Orthodox
Jinnosuke Kashimura,67.0,71.0,Southpaw
Nadia Kassem,65.0,66.0,Southpaw
Yusuke Kasuya,67.0,,Southpaw
Tetsuji Kato,,,Orthodox
Hisaki Kato,72.0,,
Brad Katona,66.0,64.0,Orthodox
Calvin Kattar,71.0,72.0,Orthodox
Sarah Kaufman,65.0,66.0,Orthodox
Lone'er Kavanagh,66.0,67.0,Orthodox
Yusuke Kawaguchi,72.0,,
Canaan Kawaihae,72.0,71.0,Southpaw
Tatsuya Kawajiri,67.0,69.0,Orthodox
Ryo Kawamura,71.0,,Orthodox
Masuto Kawana,66.0,69.0,Orthodox
Doug Kay,,,
Toshiomi Kazama,67.0,69.0,Orthodox
Julie Kedzie,65.0,,Orthodox
Ryan Keenan,70.0,,
Losene Keita,68.0,72.0,Orthodox
CJ Keith,72.0,,Orthodox
Chris Kelades,67.0,68.0,Orthodox
Brian Kelleher,66.0,66.0,Switch
Mayana Kellem,65.0,,Orthodox
Tony Kelley,69.0,70.0,Switch
Paul Kelly,69.0,70.0,Orthodox
John Kelly,69.0,,
Daniel Kelly,72.0,70.0,Southpaw
Tim Kennedy,71.0,74.0,Orthodox
Steve Kennedy,71.0,,Orthodox
Jeremy Kennedy,71.0,71.0,Orthodox
Waylon Kennell,72.0,,
Casey Kenney,67.0,68.0,Southpaw
Maimaitituoheti Keremuaili,66.0,66.0,Orthodox
Aurelijus Kerpe,,,Orthodox
Mark Kerr,75.0,,Switch
Will Kerr,70.0,69.0,Orthodox
Ron Keslar,,,
Rustam Khabilov,68.0,73.0,Orthodox
Adam Khaliev,72.0,,Orthodox
Sergey Khandozhko,73.0,74.0,Orthodox
Sergei Kharitonov,72.0,,Orthodox
Alfred Khashakyan,68.0,70.0,Orthodox
Aziz Khaydarov,71.0,72.0,Orthodox
Mansher Khera,70.0,68.0,Orthodox
Aliaskhab Khizriev,69.0,74.0,Southpaw
WonBin Ki,71.0,73.0,Orthodox
Pannie Kianzad,67.0,66.0,Orthodox
Akira Kikuchi,68.0,,Orthodox
Katsunori Kikuno,68.0,66.0,Orthodox
Sanae Kikuta,69.0,,Orthodox
Jacob Kilburn,69.0,72.0,Orthodox
Dong Hyun Kim,74.0,76.0,Southpaw
Jin Oh Kim,69.0,,Orthodox
Dae Won Kim,71.0,,Orthodox
Jong Wang Kim,73.0,,
Jong Won Kim,67.0,,Orthodox
Min Soo Kim,73.0,,Southpaw
Jong Man Kim,67.0,,Orthodox
Ji Yeon Kim,67.0,72.0,Orthodox
MinWoo Kim,68.0,72.0,Orthodox
HanSeul Kim,73.0,73.0,Southpaw
KyeungPyo Kim,69.0,71.0,Orthodox
Sangwook Kim,72.0,71.0,Orthodox
SangWon Kim,69.0,69.0,Orthodox
KyuSung Kim,71.0,69.0,Orthodox
So Yul Kim,,,
Jeremy Kimball,72.0,72.0,Switch
Rob Kimmons,70.0,73.0,Orthodox
Dustin Kimura,67.0,71.0,Orthodox
Taiei Kin,71.0,,Orthodox
Mike King,75.0,,
Kyle Kingsbury,76.0,79.0,Orthodox
Yusaku Kinoshita,72.0,71.0,Southpaw
Kamuela Kirk,70.0,75.0,Switch
Yurij Kiseliov,68.0,,Orthodox
Justine Kish,65.0,64.0,Orthodox
Koji Kitao,79.0,,Southpaw
Satoru Kitaoka,66.0,,
Top Noi Kiwram,65.0,67.0,Southpaw
Ludovit Klein,67.0,72.0,Southpaw
Nick Klein,73.0,77.0,Orthodox
Seth Kleinbeck,74.0,,
Stefan Klever,,,Orthodox
Fatima Kline,66.0,67.0,Orthodox
Felix Klinkhammer,72.0,,
Drakkar Klose,69.0,70.0,Orthodox
Michael Knaap,74.0,,Orthodox
Kevin Knabjian,70.0,,Orthodox
Jason Knight,70.0,71.0,Orthodox
William Knight,70.0,73.0,Orthodox
Josefine Knutsson,63.0,60.0,Orthodox
Seokhyeon Ko,70.0,71.0,Southpaw
Isao Kobayashi,68.0,,
Kelly Kobold,66.0,,Orthodox
Erik Koch,70.0,71.0,Southpaw
Sokun Koh,73.0,,
Shingo Kohara,66.0,,
Brad Kohler,69.0,,Orthodox
Charlie Kohler,69.0,,Orthodox
Tsuyoshi Kohsaka,71.0,,Orthodox
Kaloyan Kolev,74.0,73.0,Orthodox
John Kolosci,71.0,,Orthodox
Yuki Kondo,71.0,,Southpaw
Syuri Kondo,64.0,66.0,Orthodox
Mantas Kondratavicius,74.0,75.0,Orthodox
Cheick Kongo,76.0,82.0,Orthodox
Andrei Kopylov,74.0,,Orthodox
Roman Kopylov,72.0,75.0,Southpaw
Bruno Korea,66.0,65.0,
Chungreng Koren,,,
Andrey Koreshkov,72.0,,
Josh Koscheck,70.0,73.0,Orthodox
Steven Koslow,67.0,69.0,Switch
Naoyuki Kotani,68.0,66.0,Southpaw
Ilya Kotau,,,
Iouri Kotchkine,74.0,,Orthodox
Matt Kovacs,72.0,,Orthodox
Marcus Kowal,,,
Karolina Kowalkiewicz,63.0,64.0,Orthodox
Steve Kozola,,,
Derrick Krantz,70.0,72.0,Orthodox
James Krause,74.0,73.0,Orthodox
Pascal Krauss,73.0,,Orthodox
Rene Kronvold,68.0,,Orthodox
Kaynan Kruschewsky,72.0,73.0,Orthodox
Jorgen Kruth,74.0,,
Nikita Krylov,75.0,77.0,Orthodox
Mariusz Ksiazkiewicz,75.0,75.0,Southpaw
Eliezer Kubanza,69.0,74.0,Orthodox
Junya Kudo,,,Orthodox
John Kuhner,,,
Michael Kuiper,72.0,73.0,Orthodox
Anton Kuivanen,68.0,72.0,Orthodox
Maiju Kujala,,,
Sumit Kumar,65.0,66.0,Orthodox
Aleksei Kunchenko,68.0,70.0,Orthodox
Rizvan Kuniev,76.0,76.0,Orthodox
Keigo Kunihara,72.0,,Orthodox
Kiichi Kunimoto,70.0,71.0,Orthodox
Jon Kunneman,,,
Leo Kuntz,70.0,,Orthodox
Korey Kuppe,77.0,77.0,Switch
Ramazan Kuramagomedov,73.0,73.0,Orthodox
Tsuyoshi Kurihara,70.0,,Orthodox
Eldari Kurtanidze,66.0,,Orthodox
Kyle Kurtz,,,
Guram Kutateladze,71.0,72.0,Orthodox
Vadym Kutsyi,72.0,71.0,Orthodox
Lina Kvokov,69.0,,Orthodox
Kaleo Kwan,67.0,,
Jarrod Kwitty,68.0,,
Mike Kyle,76.0,77.0,Orthodox
Lisa Kyriacou,65.0,64.0,Orthodox
Achmed Labasanov,75.0,,Orthodox
Josh LaBerge,70.0,,
Jeremiah Labiano,70.0,,
Daniel Lacerda,66.0,70.0,Switch
Luan Lacerda,67.0,71.0,Orthodox
Kemran Lachinov,,,
Aspen Ladd,66.0,66.0,Orthodox
Ryan LaFlare,73.0,74.0,Southpaw
Corinne Laframboise,64.0,65.0,Orthodox
Ben Lagman,74.0,,
Noad Lahat,69.0,69.0,Orthodox
Tina Lahdemaki,62.0,,Orthodox
Yohan Lainesse,73.0,76.0,Orthodox
Tim Lajcik,73.0,,Orthodox
Todd Lally,67.0,,Orthodox
Sean Lally,72.0,,Orthodox
Ricardo Lamas,68.0,71.0,Orthodox
Jason Lambert,75.0,75.0,Orthodox
Jose Landi-Jons,71.0,,Orthodox
Nate Landwehr,69.0,72.0,Orthodox
Austen Lane,78.0,80.0,Orthodox
Aaron Lanfranco,,,
Jeremy Lang,71.0,,Southpaw
Lionel Lanham,,,
Lina Lansberg,67.0,65.0,Orthodox
Taylor Lapilus,66.0,73.0,Southpaw
Chad Laprise,70.0,71.0,Orthodox
Anthony Lapsley,69.0,,Southpaw
TJ Laramie,66.0,66.0,Orthodox
Icho Larenas,75.0,,Orthodox
Lorenz Larkin,71.0,72.0,Orthodox
Jeremy Larsen,70.0,70.0,Orthodox
Brock Larson,71.0,71.0,Southpaw
Ryan Larson,,,
Bobby Lashley,75.0,78.0,Orthodox
Ilir Latifi,70.0,73.0,Orthodox
Sione Latu,72.0,,
Phillip Latu,75.0,76.0,Orthodox
Jenel Lausa,65.0,68.0,Orthodox
Joe Lauzon,70.0,71.0,Orthodox
Dan Lauzon,70.0,,Orthodox
Sandra Lavado,67.0,66.0,Orthodox
Chatt Lavender,68.0,,
Cody Law,,,
Muhammed Lawal,72.0,78.0,Southpaw
Robbie Lawler,71.0,74.0,Southpaw
Tom Lawlor,72.0,74.0,Southpaw
Justin Lawrence,68.0,67.0,Orthodox
Lance Lawrence,73.0,74.0,Orthodox
Ronnie Lawrence,68.0,68.0,Switch
Eric Lawson,72.0,,Orthodox
Jimmy Lawson,72.0,77.0,Orthodox
Valmir Lazaro,72.0,73.0,Orthodox
Zviad Lazishvili,66.0,69.0,Orthodox
Mounir Lazzez,73.0,76.0,Orthodox
Cung Le,69.0,70.0,Southpaw
Thanh Le,69.0,74.0,Orthodox
Quang Le,67.0,70.0,Orthodox
Carlos Leal,71.0,74.0,Orthodox
Jordan Leavitt,69.0,71.0,Southpaw
Jerome LeBanner,75.0,,Southpaw
Chris Leben,71.0,73.0,Southpaw
Jean-Paul Lebosnoyani,71.0,72.0,Switch
Mickael Lebout,71.0,73.0,Orthodox
Stephen Ledbetter,69.0,,Orthodox
Justin Ledet,76.0,80.0,Orthodox
James Lee,71.0,,Southpaw
David Lee,70.0,,Orthodox
Jackie Lee,,,
Eun Soo Lee,73.0,,Orthodox
Tae Hyun Lee,78.0,,Orthodox
Tommy Lee,67.0,,Orthodox
Matt Lee,71.0,,Orthodox
Imani Lee,,,Orthodox
Vaughan Lee,66.0,66.0,Orthodox
Kevin Lee,69.0,77.0,Orthodox
Rocky Lee,69.0,,Orthodox
Andrea Lee,66.0,69.0,Orthodox
JeongYeong Lee,70.0,73.0,Orthodox
JungHyun Lee,65.0,65.0,Orthodox
ChangHo Lee,68.0,69.0,Orthodox
Macksom Lee,73.0,75.0,Orthodox
Ricky Legere Jr.,68.0,,
Sherron Leggett,68.0,,Southpaw
Cheyden Leialoha,68.0,73.0,Orthodox
Claudia Leite,63.0,64.0,Orthodox
Thales Leites,73.0,78.0,Orthodox
Jovan Leka,,,
Stefan Leko,74.0,,Orthodox
Gabe Lemley,68.0,,Orthodox
Amanda Lemos,64.0,65.0,Southpaw
Giacomo Lemos,75.0,75.0,Orthodox
Christophe Leninger,72.0,,Southpaw
Jesse Lennox,69.0,72.0,Orthodox
Jean Francois Lenogue,72.0,,Orthodox
Nik Lentz,68.0,68.0,Orthodox
Alberta Cerra Leon,68.0,,
Victoria Leonardo,65.0,64.0,Orthodox
Anthony Leone,66.0,,Orthodox
Chad Leonhardt,72.0,,
Kimo Leopoldo,75.0,,Orthodox
Michael Lerma,,,
Lukasz Les,,,
Brock Lesnar,75.0,81.0,Orthodox
Frank Lester,71.0,,Orthodox
Valerie Letourneau,67.0,68.0,Orthodox
Leah Letson,67.0,71.0,Southpaw
Justin Levens,71.0,,Orthodox
Marcus LeVesseur,69.0,70.0,Southpaw
David Levicki,77.0,,
Kyle Levinton,,,
Natan Levy,69.0,71.0,Southpaw
John Lewis,72.0,,Southpaw
Derrick Lewis,75.0,79.0,Orthodox
Bevon Lewis,75.0,79.0,Orthodox
Brandon Lewis,64.0,70.0,Orthodox
Malik Lewis,72.0,75.0,Orthodox
Chi Lewis-Parry,81.0,,
Li Jingliang,72.0,71.0,Orthodox
Li Yunfeng,68.0,68.0,Orthodox
Liang Na,65.0,67.0,Orthodox
Jess Liaudin,69.0,72.0,Orthodox
Chuck Liddell,74.0,76.0,Orthodox
Rodrigo Lidio,71.0,73.0,Orthodox
Sam Liera,,,
Zach Light,68.0,,Orthodox
Scott Lighty,74.0,,
Chris Liguori,69.0,,Orthodox
Donnie Liles,69.0,,Orthodox
Jae Suk Lim,69.0,,Orthodox
Hyun Gyu Lim,75.0,77.0,Orthodox
Juliana Lima,65.0,65.0,Orthodox
Dhiego Lima,74.0,75.0,Orthodox
Douglas Lima,73.0,,
Mabelly Lima,62.0,,Orthodox
Andre Lima,67.0,67.0,Orthodox
Felipe Lima,66.0,68.0,Orthodox
Miguel Linares,,,
Emiliano Linares,68.0,72.0,Orthodox
Matt Lindland,72.0,74.0,Southpaw
Jake Lindsey,71.0,,Switch
John Lineker,63.0,67.0,Orthodox
Austin Lingo,70.0,70.0,Orthodox
Lucio Linhares,74.0,,Orthodox
Philipe Lins,74.0,78.0,Orthodox
Tainara Lisboa,67.0,67.0,Orthodox
Dean Lister,73.0,75.0,Orthodox
Wesley Little,76.0,,
Adam Livingston,74.0,71.0,Orthodox
James Llontop,72.0,73.0,Orthodox
Abner Lloveras,71.0,,
Brian Lo-A-Njoe,67.0,,Orthodox
John Lober,71.0,,Orthodox
Artem Lobov,69.0,65.0,Southpaw
Dylan Lockard,69.0,72.0,Orthodox
Ryan Loder,74.0,76.0,Southpaw
Sean Loeffler,75.0,,Orthodox
Christian Lohsen,74.0,77.0,Southpaw
David Loiseau,72.0,76.0,Orthodox
Hector Lombard,69.0,71.0,Southpaw
Michael Lombardo,72.0,72.0,Orthodox
Rocky Long,,,
Thomas Longacre,69.0,,Orthodox
Loma Lookboonmee,61.0,61.0,Orthodox
Ange Loosa,70.0,74.0,Orthodox
Lucas Lopes,74.0,,
Dileno Lopes,65.0,,
Diego Lopes,71.0,72.0,Orthodox
Bruno Lopes,74.0,74.0,Orthodox
Arthur Lopes,74.0,77.0,Southpaw
Ivan Lopez,66.0,,Southpaw
Steve Lopez,71.0,,Orthodox
Federico Lopez,64.0,,Orthodox
Jorge Lopez,70.0,,Orthodox
Christopher Lopez,70.0,,
Matthew Lopez,67.0,69.0,Southpaw
Benito Lopez,70.0,73.0,Switch
Gustavo Lopez,65.0,67.0,Orthodox
Alik Lorenz,74.0,77.0,Orthodox
Brendan Loughnane,70.0,70.0,Switch
Nate Loughran,74.0,,Orthodox
Caolan Loughran,66.0,68.0,Orthodox
Rashard Lovelace,,,
Ian Loveland,68.0,,Orthodox
Jakob Lovstad,75.0,,Orthodox
Waylon Lowe,67.0,,Southpaw
Brandon Lowe,,,
Joe Lowry,71.0,73.0,Orthodox
Lu Kai,69.0,69.0,Orthodox
Lu Zhengyong,,,
Robert Lucarelli,74.0,,
Matt Lucas,73.0,,
Cleber Luciano,66.0,,
Stephanie Luciano,66.0,65.0,Orthodox
Iasmin Lucindo,63.0,66.0,Orthodox
Duane Ludwig,70.0,70.0,Orthodox
Lawrence Lui,67.0,72.0,Orthodox
Mike Lullo,68.0,,Orthodox
Juan Andres Luna,67.0,72.0,Orthodox
Paula Luna,62.0,62.0,Orthodox
Santiago Luna,69.0,74.0,Orthodox
Dalcha Lungiambula,68.0,76.0,Orthodox
Alexandru Lungu,72.0,,Orthodox
Vicente Luque,71.0,75.0,Orthodox
Thaddeus Luster,75.0,,
Travis Lutter,71.0,75.0,Orthodox
Joilton Lutterbach,73.0,75.0,Orthodox
Tucker Lutz,68.0,72.0,Orthodox
Lv Zhenhong,68.0,67.0,Switch
Stevie Lynch,70.0,,Orthodox
Adam Lynn,70.0,,Orthodox
Chris Lytle,71.0,68.0,Orthodox
Dong Hyun Ma,71.0,70.0,Orthodox
Pawan Maan,67.0,70.0,Orthodox
William Macario,71.0,75.0,Orthodox
Jason MacDonald,75.0,80.0,Orthodox
Rob MacDonald,75.0,78.0,Orthodox
Rory MacDonald,72.0,76.0,Orthodox
Ryan MacDonald,71.0,71.0,Switch
Clayton MacFarlane,,,
Ilima Macfarlane,64.0,,
Valesca Machado,64.0,63.0,Orthodox
Caio Machado,76.0,78.0,Southpaw
Ian Machado Garry,75.0,74.0,Orthodox
Lyoto Machida,73.0,74.0,Southpaw
War Machine,71.0,,Orthodox
Anthony Macias,69.0,,Switch
Pauline Macias,64.0,64.0,Southpaw
Reza Madadi,71.0,73.0,Orthodox
Don Madge,72.0,72.0,Southpaw
Ryan Madigan,72.0,,Orthodox
Victor Madrigal,67.0,71.0,Orthodox
Jon Madsen,72.0,72.0,Orthodox
Mark Madsen,68.0,72.0,Orthodox
Yoshiro Maeda,67.0,68.0,Southpaw
Leonardo Mafra,70.0,70.0,Orthodox
Vinny Magalhaes,75.0,75.0,Orthodox
Vinicius Magalhaes,,,
Caio Magalhaes,73.0,73.0,Orthodox
Bernardo Magalhaes,69.0,,Orthodox
Eric Magana,,,
Brandon Magana,,,Orthodox
Angela Magana,61.0,65.0,Orthodox
Neil Magny,75.0,80.0,Orthodox
Raimond Magomedaliev,73.0,75.0,Orthodox
Ibragim Magomedov,72.0,,Orthodox
Rashid Magomedov,69.0,70.0,Orthodox
Ruslan Magomedov,75.0,78.0,Orthodox
Abus Magomedov,74.0,78.0,Orthodox
Shara Magomedov,74.0,73.0,Orthodox
Murtazali Magomedov,69.0,70.0,Orthodox
Zabit Magomedsharipov,73.0,73.0,Orthodox
John Maguire,69.0,69.0,Southpaw
Lolohea Mahe,,,
Michelle Maher,,,
 Maheshate,72.0,71.0,Orthodox
Bill Mahood,75.0,,Orthodox
Klayton Mai,69.0,,
Demian Maia,73.0,72.0,Southpaw
Jennifer Maia,64.0,64.0,Orthodox
Nayara Maia,65.0,66.0,Orthodox
Roshan Mainam,,,
Levan Makashvili,68.0,68.0,Orthodox
John Makdessi,68.0,68.0,Orthodox
Islam Makhachev,70.0,70.0,Southpaw
Aliev Makhmud,66.0,,Southpaw
Zach Makovsky,64.0,64.0,Southpaw
Azat Maksum,67.0,70.0,Southpaw
Jeremy Malaterre,71.0,,
Fabio Maldonado,73.0,75.0,Orthodox
Marvin Maldonado,66.0,,
Bea Malecki,69.0,74.0,Orthodox
Nazareno Malegarie,68.0,,
Carl Malenko,71.0,,Orthodox
Jacob Malkoun,69.0,73.0,Orthodox
Mike Malott,73.0,73.0,Orthodox
Regina Malpica Rivera,,,
Dan Manasoiu,,,
Troy Mandaloniz,69.0,,Orthodox
Nate Maness,70.0,72.0,Orthodox
Michael Mangan,,,
Gary Mangat,67.0,,
George Mangos,70.0,70.0,Switch
Melvin Manhoef,69.0,,Orthodox
Melchor Manibusan,65.0,,Southpaw
Jon Manley,73.0,,Orthodox
Steve Mann,73.0,,
Marnic Mann,60.0,64.0,Southpaw
Dylan Mantello,73.0,73.0,Orthodox
Chris Manuel,69.0,,Orthodox
Jimi Manuwa,73.0,79.0,Orthodox
Dom Mar Fan,71.0,75.0,Orthodox
Cristiano Marcello,69.0,72.0,Orthodox
Daniel Marcos,67.0,69.0,Orthodox
Jose Maria,65.0,,Orthodox
Marcos Mariano,73.0,76.0,Switch
Enrique Marin,70.0,,
Chepe Mariscal,67.0,69.0,Orthodox
Ronny Markes,73.0,75.0,Orthodox
Rory Markham,72.0,71.0,Orthodox
Randa Markos,64.0,63.0,Orthodox
Christina Marks,67.0,69.0,Orthodox
Brendon Marotte,69.0,70.0,Orthodox
Nate Marquardt,72.0,74.0,Orthodox
Danilo Marques,78.0,77.0,Orthodox
Julian Marquez,74.0,72.0,Orthodox
Carmelo Marrero,72.0,73.0,Orthodox
Cesar Marscucci,,,
John Marsh,72.0,,Orthodox
CJ Marsh,,,
Eliot Marshall,74.0,77.0,Orthodox
Doug Marshall,70.0,,Orthodox
David Marshall,74.0,,
Francis Marshall,69.0,72.0,Orthodox
Jack Marshman,72.0,73.0,Orthodox
Terry Martin,68.0,71.0,Orthodox
Eric Martin,,,
Justin Martin,72.0,,
Dave Martin,72.0,,
Joe Martin,69.0,,
Anthony Rocco Martin,72.0,73.0,Orthodox
Mallory Martin,64.0,63.0,Orthodox
Michal Martinek,74.0,,Southpaw
Adrian Luna Martinetti,68.0,71.0,
Rainy Martinez,72.0,,Orthodox
Danny Martinez,66.0,67.0,Orthodox
Alonzo Martinez,70.0,,
Henry Martinez,67.0,69.0,Southpaw
Jonathan Martinez,68.0,70.0,Southpaw
Poppies Martinez,69.0,,
Andrew Martinez,69.0,,
Mana Martinez,70.0,70.0,Orthodox
Victor Martinez,68.0,70.0,Orthodox
Roque Martinez,70.0,72.0,Orthodox
Melissa Martinez,62.0,66.0,Southpaw
Julieta Martinez,61.0,62.0,Orthodox
David Martinez,65.0,67.0,Orthodox
Wagner da Conceicao Martins,79.0,,Orthodox
Adriano Martins,70.0,72.0,Southpaw
Lucas Martins,72.0,72.0,Southpaw
Max Martyniouk,,,
Bristol Marunde,73.0,75.0,Orthodox
Shoji Maruyama,67.0,,Orthodox
Kazuma Maruyama,71.0,72.0,Orthodox
Islem Masraf,72.0,74.0,Southpaw
Mike Massenzio,74.0,73.0,Southpaw
Jameel Massouh,70.0,72.0,Orthodox
Tiffany Masters,63.0,65.0,Orthodox
Jorge Masvidal,71.0,74.0,Orthodox
Al Matavao,68.0,67.0,Orthodox
Tateki Matsuda,67.0,,Orthodox
Arisa Matsuda,63.0,64.0,Orthodox
Daijiro Matsui,69.0,,Orthodox
Toki Matsui,66.0,65.0,Orthodox
Koichiro Matsumoto,67.0,,
Jean Matsumoto,66.0,68.0,Orthodox
Koyomi Matsushima,67.0,66.0,Orthodox
Naoki Matsushita,66.0,,Orthodox
AJ Matthews,71.0,,
Jake Matthews,71.0,73.0,Orthodox
Connor Matthews,68.0,71.0,Switch
Claudio Mattos,,,Orthodox
John Matua,74.0,,Orthodox
Francesco Maturi,,,
Vladimir Matyushenko,72.0,74.0,Orthodox
Miranda Maverick,63.0,65.0,Southpaw
Nick Maximov,72.0,76.0,Southpaw
Elaina Maxwell,68.0,,Orthodox
Jeremy May,73.0,,
Jack May,80.0,,Switch
Don'Tale Mayes,78.0,81.0,Orthodox
Gray Maynard,69.0,70.0,Orthodox
Brooke Mayo,67.0,,
Gina Mazany,66.0,68.0,Southpaw
Sabina Mazo,67.0,70.0,Orthodox
Francesco Mazzeo,75.0,75.0,Orthodox
Scott McAfee,68.0,,Orthodox
Bobby McAndrews,,,Orthodox
Michael McBride,73.0,,Orthodox
Ian McCall,65.0,64.0,Orthodox
Molly McCann,64.0,62.0,Orthodox
Charles McCarthy,70.0,71.0,Orthodox
Eric McConico,72.0,77.0,Southpaw
Sean McCorkle,79.0,81.0,Orthodox
Danni McCormack,64.0,62.0,Southpaw
Paddy McCorry,75.0,73.0,Switch
Kris McCray,72.0,76.0,Orthodox
Tamdan McCrory,76.0,76.0,Switch
Rob McCullough,69.0,69.0,Orthodox
Justin McCully,73.0,73.0,Orthodox
Robert McDaniel,75.0,75.0,Southpaw
Michael McDonald,71.0,,Orthodox
Scott McDonald,,,
Michael McDonald,69.0,70.0,Orthodox
Josh McDonald,,,
Miles McDonald,67.0,,
Justin McElfresh,78.0,,Orthodox
Drew McFedries,72.0,72.0,Southpaw
Liam McGeary,78.0,,
Gan McGee,82.0,,Orthodox
Court McGee,71.0,75.0,Orthodox
Marcus McGhee,68.0,69.0,Orthodox
Ryan McGillivray,71.0,,
Ryan McGivern,72.0,,Orthodox
Jack McGlaughlin,,,Orthodox
Conor McGregor,69.0,74.0,Southpaw
Greg McIntyre,70.0,,Orthodox
Antonio McKee,68.0,,Southpaw
AJ McKee,70.0,,
Rhys McKee,74.0,78.0,Orthodox
Cory McKenna,63.0,58.0,Orthodox
Tim McKenzie,72.0,74.0,Orthodox
Cody McKenzie,72.0,72.0,Switch
Terrance McKinney,70.0,73.0,Switch
Brian McLaughlin,69.0,,
Jason McLean,65.0,,
Garreth McLellan,73.0,72.0,Southpaw
Sara McMann,66.0,66.0,Orthodox
Tommy McMillen,72.0,74.0,Orthodox
James McSweeney,76.0,77.0,Switch
Charles McTorry,,,
Jackson McVey,76.0,77.0,Southpaw
Daniel McWilliams,73.0,,
Tim Means,74.0,75.0,Orthodox
Yancy Medeiros,70.0,75.0,Orthodox
Anistavio Medeiros,66.0,,Orthodox
Kaline Medeiros,63.0,,
MarQuel Mederos,70.0,69.0,Orthodox
Uros Medic,73.0,71.0,Southpaw
Todd Medina,70.0,,Southpaw
Jason Medina,69.0,,
Emil Meek,71.0,74.0,Switch
Sanford Alton Meeks,77.0,75.0,Orthodox
Gerald Meerschaert,73.0,77.0,Southpaw
Frank Megallon,70.0,,Southpaw
Derrick Mehmen,76.0,,
Miika Mehmet,,,Orthodox
Jordan Mein,72.0,73.0,Orthodox
Bryce Mejia,73.0,,
Brian Melancon,68.0,,Orthodox
Brandon Melendez,71.0,,Southpaw
Gilbert Melendez,69.0,73.0,Orthodox
Nair Melikyan,66.0,,
Marcelo Mello,67.0,,Southpaw
Fabio Mello,65.0,,Southpaw
Vanessa Melo,65.0,65.0,Orthodox
Antonio Mendes,75.0,77.0,Southpaw
Chad Mendes,66.0,66.0,Orthodox
Augusto Mendes,66.0,65.0,Orthodox
Eddie Mendez,70.0,,
Mateus Mendonca,66.0,71.0,Orthodox
Luis Mendoza,,,
Pietro Menga,67.0,68.0,Southpaw
Alonzo Menifield,72.0,76.0,Orthodox
Ivan Menjivar,66.0,64.0,Orthodox
Dave Menne,70.0,,Orthodox
Steve Mensing,71.0,,Orthodox
Buck Meredith,74.0,,
Adam Meredith,74.0,,
Nick Meregali,,,
Joe Merritt,72.0,,Orthodox
Bia Mesquita,64.0,67.0,Orthodox
Jeremiah Metcalf,73.0,,Orthodox
Jonathan Meunier,75.0,,Switch
Yaotzin Meza,69.0,71.0,Orthodox
Guy Mezger,73.0,,Orthodox
David Mgoyan,69.0,70.0,Orthodox
Jonathan Micallef,72.0,77.0,Southpaw
Brandon Michaels,69.0,,
Andreas Michailidis,72.0,76.0,Orthodox
David Michaud,69.0,,Orthodox
Chris Mickle,69.0,,Orthodox
Zachary Micklewright,72.0,74.0,Southpaw
Kristof Midoux,73.0,,Orthodox
Keith Mielke,68.0,,
Chris Mierzwiak,73.0,,
Gabriel Miglioli,68.0,,
Bojan Mihajlovic,71.0,73.0,Orthodox
Billy Miles,70.0,,Orthodox
Pat Miletich,70.0,,Orthodox
Curtis Millender,74.0,76.0,Orthodox
Phillip Miller,71.0,,Orthodox
Jason Miller,73.0,,Orthodox
Dan Miller,73.0,74.0,Orthodox
Jim Miller,68.0,71.0,Southpaw
Cole Miller,73.0,73.0,Orthodox
Henry Miller,67.0,,Southpaw
Micah Miller,72.0,,Orthodox
Aaron Miller,69.0,,
Mo Miller,68.0,72.0,Orthodox
Juliana Miller,67.0,66.0,Orthodox
Ty Miller,74.0,77.0,Orthodox
Trent Miller,69.0,72.0,Orthodox
Eddy Millis,73.0,,
Che Mills,73.0,76.0,Orthodox
Adam Milstead,75.0,76.0,Orthodox
Alberto Mina,72.0,77.0,Orthodox
Vitaly Minakov,74.0,,
Mario Mingaj,,,
Darrick Minner,67.0,69.0,Orthodox
Mike Minniger,,,
Ikuhisa Minowa,69.0,,Orthodox
Carlton Minus,70.0,75.0,Orthodox
Stipe Miocic,76.0,80.0,Orthodox
Frank Mir,75.0,79.0,Southpaw
Juan Miranda,,,
Mario Miranda,75.0,74.0,Orthodox
Vitor Miranda,73.0,77.0,Orthodox
Gabriel Miranda,71.0,71.0,Orthodox
Damir Mirenic,72.0,,Orthodox
Kazuo Misaki,68.0,,Orthodox
Toby Misech,68.0,,Southpaw
Dokonjonosuke Mishima,67.0,,Southpaw
Felix Lee Mitchell,,,Orthodox
David Mitchell,72.0,75.0,Orthodox
Danny Mitchell,74.0,,Orthodox
Brad Mitchell,71.0,,
Clay Mitchell,74.0,,
Bryce Mitchell,70.0,70.0,Southpaw
Maurice Mitchell,69.0,,Orthodox
Terrence Mitchell,70.0,74.0,Orthodox
Roman Mitichyan,70.0,,Orthodox
Matt Mitrione,75.0,82.0,Switch
Eiji Mitsuoka,67.0,,Southpaw
Hiromitsu Miura,69.0,71.0,Orthodox
Jonathan Mix,72.0,,
Patchy Mix,71.0,70.0,Southpaw
Tomoya Miyashita,67.0,,Southpaw
Kazuyuki Miyata,68.0,,Orthodox
Motoki Miyazawa,71.0,,Southpaw
Takeya Mizugaki,67.0,69.0,Orthodox
 Mizuki,63.0,65.0,Orthodox
Tatsuya Mizuno,73.0,,Southpaw
Roxanne Modafferi,67.0,69.0,Orthodox
Bobby Moffett,70.0,73.0,Orthodox
Bronson Mohika,,,
Nate Mohr,69.0,72.0,Orthodox
Renato Moicano,71.0,72.0,Orthodox
Thiago Moises,69.0,70.0,Orthodox
Muhammad Mokaev,67.0,70.0,Orthodox
Ashkan Mokhtarian,66.0,67.0,Southpaw
Suman Mokhtarian,68.0,72.0,Orthodox
Dan Molina,70.0,,
Jeff Molina,66.0,69.0,Orthodox
Rudyard Moncayo,70.0,,Orthodox
Hidetaka Monma,72.0,,Orthodox
Jeff Monson,69.0,74.0,Orthodox
Darrell Montague,66.0,67.0,Southpaw
Michelle Montague,69.0,68.0,Southpaw
Andrew Montanez,,,
Jose Montanha,,,
Augusto Montano,73.0,73.0,Orthodox
Erick Montano,72.0,73.0,Orthodox
Nicco Montano,65.0,65.0,Southpaw
Antonio Monteiro,67.0,70.0,Orthodox
Sofia Montenegro,66.0,67.0,Orthodox
Alberto Montes,67.0,69.0,Orthodox
Steve Montgomery,76.0,,Southpaw
James Moontasri,70.0,71.0,Switch
Homer Moore,70.0,,Orthodox
Todd Moore,69.0,71.0,Southpaw
Nate Moore,72.0,,
Dustin Moore,64.0,,
Taylor Moore,70.0,70.0,Southpaw
Sergio Moraes,72.0,72.0,Orthodox
Marlon Moraes,66.0,67.0,Orthodox
Sheymon Moraes,68.0,72.0,Orthodox
John Moraga,66.0,66.0,Orthodox
Ricardo Morais,80.0,,Orthodox
Leonardo Morales,68.0,,Southpaw
Albert Morales,69.0,72.0,Orthodox
Joseph Morales,66.0,69.0,Switch
Vince Morales,67.0,70.0,Orthodox
Omar Morales,71.0,73.0,Orthodox
Michael Morales,72.0,79.0,Orthodox
Sarah Moras,67.0,67.0,Orthodox
Christian Morecraft,78.0,81.0,Orthodox
Joe Moreira,71.0,,Southpaw
Richardson Moreira,74.0,,Orthodox
Gisele Moreira,66.0,,Orthodox
Vinicius Moreira,76.0,76.0,Orthodox
Jesse Moreng,67.0,,Orthodox
Brandon Moreno,67.0,70.0,Orthodox
Mike Moreno,72.0,,
Dan Moret,72.0,73.0,Southpaw
Sammy Morgan,70.0,,Orthodox
Peggy Morgan,73.0,,
Alexander Morgan,70.0,71.0,Orthodox
Alex Morono,71.0,72.0,Orthodox
Maryna Moroz,67.0,67.0,Orthodox
Sergey Morozov,66.0,67.0,Orthodox
Brad Morris,74.0,,Orthodox
Scott Morris,70.0,,Orthodox
Anthony Morrison,67.0,,Orthodox
Jack Morrison,71.0,,
Harry Moskowitz,77.0,,Orthodox
Carlos Mota,64.0,69.0,Orthodox
Miki Motono,62.0,63.0,Southpaw
Juan Mott,72.0,,Switch
Nikolas Motta,69.0,70.0,Orthodox
Flavio Luiz Moura,71.0,,Open Stance
Eduarda Moura,66.0,67.0,Orthodox
Gegard Mousasi,74.0,76.0,Orthodox
Kris Moutinho,67.0,68.0,Southpaw
Kin Moy,65.0,,
Jamie Moyle,61.0,65.0,Orthodox
Askar Mozharov,75.0,74.0,Orthodox
Garrett Mueller,69.0,,
Lauren Mueller,65.0,67.0,Orthodox
Belal Muhammad,71.0,72.0,Orthodox
Fazlo Mulabitinovic,,,
Quinn Mulhern,75.0,,Orthodox
James Mulheron,70.0,73.0,Orthodox
Jamie Mullarkey,72.0,74.0,Orthodox
Jim Mullen,73.0,,Southpaw
Melissa Mullins,67.0,68.0,Orthodox
Ananias Mulumba,,,
Pedro Munhoz,66.0,65.0,Orthodox
Andre Muniz,73.0,78.0,Southpaw
Mark Munoz,72.0,71.0,Orthodox
Alexander Munoz,69.0,72.0,Switch
Johnny Munoz,69.0,71.0,Orthodox
Andy Murad,69.0,,
Olivier Murad,70.0,72.0,Southpaw
Makhmud Muradov,74.0,75.0,Orthodox
Kazunari Murakami,73.0,,Orthodox
Ryuichi Murata,68.0,,Orthodox
Kanako Murata,61.0,62.0,Orthodox
Ailiya Muratbek,,,
Vince Murdock,66.0,64.0,Orthodox
Samandar Murodov,73.0,75.0,Orthodox
Tom Murphy,74.0,,Southpaw
Ian Murphy,73.0,,Orthodox
Jon Murphy,75.0,,Orthodox
Lauren Murphy,65.0,67.0,Orthodox
Patrick Murphy,72.0,,
Lerone Murphy,69.0,73.0,Orthodox
Lee Murray,75.0,,Orthodox
Jesse Murray,75.0,78.0,Orthodox
Khalid Murtazaliev,72.0,76.0,Orthodox
Azamat Murzakanov,70.0,71.0,Southpaw
Josias Musasa,68.0,74.0,Southpaw
Tofiq Musayev,69.0,69.0,Orthodox
Nicholas Musoke,72.0,75.0,Orthodox
Andre Mussi,75.0,,Orthodox
Magomed Mustafaev,68.0,71.0,Orthodox
Max Mustaki,72.0,,Orthodox
Elvis Mutapcic,72.0,72.0,Orthodox
Fiona Muxlow,64.0,,
Ho Bae Myeon,71.0,,Orthodox
Katsuhiko Nagata,67.0,,Southpaw
Yuji Nagata,72.0,,Orthodox
Greg Nagy,73.0,,Orthodox
Logan Nail,,,
Muhammad Naimov,69.0,70.0,Orthodox
Yukiya Naito,73.0,,Orthodox
Yura Naito,72.0,74.0,Orthodox
Andrews Nakahara,73.0,,Orthodox
Rin Nakai,61.0,,Orthodox
Kazuhiro Nakamura,71.0,70.0,Orthodox
Keita Nakamura,71.0,73.0,Southpaw
Daisuke Nakamura,67.0,,Orthodox
Yusaku Nakamura,65.0,,
Rinya Nakamura,67.0,68.0,Southpaw
Keiichiro Nakamura,70.0,70.0,Southpaw
Tokitaka Nakanishi,66.0,66.0,Orthodox
Jutaro Nakao,69.0,,Southpaw
Yoshihiro Nakao,72.0,,Southpaw
Mandel Nallo,72.0,75.0,Orthodox
Yui Chul Nam,69.0,,Orthodox
Tyson Nam,67.0,68.0,Orthodox
Rose Namajunas,65.0,65.0,Orthodox
Yasuhito Namekawa,69.0,,Orthodox
Nad Narimani,68.0,70.0,Orthodox
Roger Narvaez,75.0,,Southpaw
Fabio Nascimento,70.0,,Orthodox
Allan Nascimento,68.0,69.0,Orthodox
Rodrigo Nascimento,74.0,80.0,Orthodox
Bobby Nash,72.0,74.0,Orthodox
Reza Nasri,71.0,,Orthodox
Nasrudin Nasrudinov,72.0,71.0,Orthodox
Pawel Nastula,72.0,,Southpaw
Rafael Natal,72.0,77.0,Orthodox
Kevin Natividad,66.0,70.0,Orthodox
Ismail Naurdiev,70.0,74.0,Orthodox
Danny Navarro,70.0,,
Marcio Navarro,72.0,,
Tafon Nchukwi,72.0,77.0,Orthodox
Dustin Neace,69.0,69.0,
Josh Neal,72.0,,
Joe Neal,66.0,,
Geoff Neal,71.0,75.0,Southpaw
Stanislav Nedkov,71.0,71.0,Orthodox
Josh Neer,71.0,72.0,Orthodox
Nicolae Negumereanu,72.0,78.0,Orthodox
Steve Nelmark,72.0,,Orthodox
Shane Nelson,69.0,70.0,Southpaw
Roy Nelson,72.0,73.0,Orthodox
Gunnar Nelson,71.0,72.0,Switch
Kyle Nelson,71.0,71.0,Switch
Lissette Neri,62.0,,
Mario Neto,72.0,,Orthodox
Antonio Braga Neto,75.0,77.0,Orthodox
Eduardo Neves,74.0,78.0,Orthodox
Julio Cesar Neves Jr.,68.0,,
Nick Newell,70.0,,Southpaw
Journey Newson,65.0,67.0,Orthodox
Jeff Newton,74.0,,Sideways
Carlos Newton,69.0,,Orthodox
Emanuel Newton,73.0,,
Francis Ngannou,76.0,83.0,Orthodox
Nghiem Van Y,67.0,68.0,Orthodox
Ben Nguyen,65.0,65.0,Switch
Steven Nguyen,71.0,73.0,Switch
Alex Nicholson,76.0,77.0,Orthodox
Bo Nickal,73.0,76.0,Southpaw
Mike Nickels,76.0,,Orthodox
Matheus Nicolau,66.0,66.0,Orthodox
Stewart Nicoll,65.0,65.0,Orthodox
Jaimelene Nievera,65.0,,Orthodox
Khomkrit Niimi,62.0,,
Tom Niinimaki,69.0,69.0,Orthodox
Ramsey Nijem,71.0,75.0,Orthodox
Hans Nijman,72.0,,Switch
Fedor Nikolov,,,
Jack Nilson,,,
Mats Nilsson,73.0,,Orthodox
Guangyou Ning,64.0,64.0,Southpaw
Soichi Nishida,71.0,,Orthodox
Yosuke Nishijima,69.0,,Orthodox
Yamato Nishikawa,67.0,,Orthodox
Akiyo Nishiura,68.0,,Southpaw
Anthony Njokuani,73.0,75.0,Orthodox
Chidi Njokuani,75.0,80.0,Orthodox
Derrick Noble,69.0,,Southpaw
Kyle Noblitt,74.0,,
Pedro Nobre,65.0,,
Jacob Noe,,,
Antonio Rodrigo Nogueira,75.0,77.0,Orthodox
Rogerio Nogueira,74.0,75.0,Southpaw
Alexandre Franca Nogueira,67.0,,Orthodox
Talita Nogueira,70.0,,
Kyle Noke,73.0,76.0,Southpaw
Tom Nolan,75.0,73.0,Southpaw
Eric Nolan,74.0,74.0,Orthodox
Nick Nolte,72.0,,
KJ Noons,70.0,70.0,Orthodox
Sage Northcutt,72.0,71.0,Orthodox
Jan Nortje,73.0,,Southpaw
Scott Norton,70.0,,Orthodox
Shohei Nose,66.0,68.0,Switch
Jonatas Novaes,71.0,,
Jason Novelli,72.0,,Orthodox
Phillipe Nover,69.0,72.0,Orthodox
Shayilan Nuerdanbieke,68.0,69.0,Orthodox
Azamat Nuftillaev,,,
Diego Nunes,66.0,67.0,Orthodox
Amanda Nunes,68.0,69.0,Orthodox
Nina Nunes,65.0,64.0,Orthodox
Istela Nunes,64.0,66.0,Orthodox
Josiane Nunes,62.0,67.0,Southpaw
Diyar Nurgozhay,74.0,74.0,Southpaw
Khabib Nurmagomedov,70.0,70.0,Orthodox
Said Nurmagomedov,68.0,70.0,Orthodox
Abubakar Nurmagomedov,71.0,72.0,Orthodox
Umar Nurmagomedov,68.0,69.0,Orthodox
Adilet Nurmatov,,,
Kennedy Nzechukwu,77.0,83.0,Southpaw
Jake O'Brien,75.0,76.0,Orthodox
TJ O'Brien,74.0,,Orthodox
Sean O'Connell,73.0,74.0,Orthodox
Dan O'Connor,64.0,,
Sean O'Haire,77.0,,Orthodox
Sean O'Malley,71.0,72.0,Switch
Jeremiah O'Neal,68.0,,
Chuck O'Neil,74.0,,
Casey O'Neill,66.0,69.0,Orthodox
Brendan O'Reilly,67.0,69.0,Orthodox
Takahiro Oba,68.0,,Southpaw
Nobuhiro Obiya,68.0,,Orthodox
Jose Ochoa,67.0,67.0,Southpaw
Christian Ocon,68.0,69.0,Orthodox
Richard Odoms,77.0,,Orthodox
Volkan Oezdemir,74.0,75.0,Orthodox
Kaan Ofli,67.0,66.0,Orthodox
Naoya Ogawa,76.0,,Orthodox
Trey Ogden,71.0,72.0,Orthodox
Andy Ogle,68.0,69.0,Orthodox
Ho Taek Oh,,,
Michiyoshi Ohara,70.0,,Orthodox
Koji Oishi,68.0,,Orthodox
Takayuki Okada,73.0,,Orthodox
Yushin Okami,74.0,75.0,Southpaw
JJ Okanovich,71.0,76.0,Orthodox
Bolaji Oki,70.0,73.0,Orthodox
Kazuki Okubo,71.0,,Orthodox
Masakatsu Okuda,,,
Aleksei Oleinik,74.0,80.0,Orthodox
Michal Oleksiejczuk,72.0,74.0,Southpaw
Cezary Oleksiejczuk,75.0,75.0,Southpaw
Rafaello Oliveira,68.0,71.0,Orthodox
Charles Oliveira,70.0,74.0,Orthodox
Jorge Oliveira,73.0,,
Ednaldo Oliveira,77.0,,Orthodox
Alex Oliveira,71.0,76.0,Orthodox
Maria Oliveira,66.0,69.0,Orthodox
Bruno Oliveira,76.0,80.0,Orthodox
Saimon Oliveira,64.0,72.0,Orthodox
Vinicius Oliveira,69.0,70.0,Switch
Ravena Oliveira,65.0,65.0,Orthodox
Michael Oliveira,,,
Wendell Oliveira Marques,70.0,,Orthodox
Felipe Olivieri,69.0,,Orthodox
Andy Ologun,72.0,,Orthodox
Shana Olsen,67.0,,
Casey Olson,67.0,,Orthodox
Dennis Olson,72.0,,
Cameron Olson,73.0,75.0,Orthodox
Gadzhi Omargadzhiev,73.0,71.0,Switch
Alan Omer,70.0,,Orthodox
Daniel Omielanczuk,72.0,74.0,Southpaw
Michihiro Omigawa,66.0,68.0,Orthodox
David Onama,71.0,74.0,Orthodox
Charlie Ontiveros,74.0,74.0,Switch
Chibwikem Onyenegecha,75.0,,Orthodox
Myktybek Orolbai,70.0,74.0,Orthodox
Sam Oropeza,74.0,,
Brian Ortega,68.0,69.0,Switch
Tito Ortiz,75.0,74.0,Orthodox
Jorge Ortiz,72.0,,Orthodox
Dustin Ortiz,65.0,65.0,Orthodox
Kenji Osawa,67.0,66.0,Orthodox
Ode Osbourne,67.0,73.0,Southpaw
Kurt Osiander,,,
Nick Osipczak,74.0,76.0,Orthodox
Nissen Osterneck,74.0,,Orthodox
Rachael Ostovich,63.0,62.0,Orthodox
Pedro Otavio,75.0,,Orthodox
Alexander Otsuka,73.0,,Orthodox
Takafumi Otsuka,66.0,,Orthodox
Quemuel Ottoni,72.0,72.0,Orthodox
Zak Ottow,71.0,72.0,Orthodox
Artur Oumakhanov,67.0,,Orthodox
Sidney Outlaw,68.0,74.0,Orthodox
Alistair Overeem,76.0,80.0,Orthodox
Valentijn Overeem,75.0,,Orthodox
Craig Oxley,69.0,,
Shungo Oyama,71.0,,Southpaw
Ren Ozaki,67.0,68.0,Orthodox
Alptekin Ozkilic,65.0,65.0,Orthodox
Raquel Pa'aluhi,67.0,,
Nick Pace,67.0,68.0,Orthodox
Jimmie Pace,,,
Larissa Pacheco,67.0,,Orthodox
Angel Pacheco,68.0,70.0,Orthodox
Teemu Packalen,73.0,75.0,Orthodox
George Pacurariu,67.0,,
Cyrillo Padilha,71.0,,
Gary Padilla,71.0,,
Fernando Padilla,73.0,76.0,Orthodox
Chris Padilla,69.0,74.0,Orthodox
Damacio Page,66.0,66.0,Orthodox
Michael Page,75.0,79.0,Switch
Dustin Pague,69.0,74.0,Orthodox
Josh Paiva,66.0,,
Raulian Paiva,68.0,69.0,Orthodox
Dinis Paiva Jr.,69.0,71.0,Southpaw
Fredson Paixao,66.0,66.0,Orthodox
Luis Pajuelo,70.0,69.0,Orthodox
Jose Palacios,69.0,,Orthodox
Ricky Palacios,66.0,,Orthodox
Bart Palaszewski,69.0,70.0,Orthodox
Sasha Palatnikov,73.0,72.0,Switch
Soa Palelei,76.0,81.0,Orthodox
Rousimar Palhares,68.0,71.0,Orthodox
Tulio Palhares,,,
Stephen Palling,64.0,,
Eduardo Pamplona,71.0,,
Ruel Panales,65.0,67.0,Southpaw
Yuri Panferov,73.0,72.0,Orthodox
Alexandre Pantoja,65.0,67.0,Orthodox
Jared Papazian,68.0,67.0,Southpaw
Kathryn Paprocki,63.0,63.0,Orthodox
Joe Pardo,73.0,,Southpaw
Bryan Pardoe,73.0,,Orthodox
Remco Pardoel,75.0,,Southpaw
Ido Pariente,68.0,,Orthodox
Josh Parisian,76.0,79.0,Orthodox
Karo Parisyan,70.0,72.0,Orthodox
Won Sik Park,71.0,,Orthodox
JunYong Park,70.0,73.0,Orthodox
Harvey Park,72.0,70.0,Orthodox
HyunSung Park,67.0,66.0,Orthodox
JaeHyun Park,68.0,73.0,Orthodox
EoJin Park,72.0,71.0,Orthodox
Norman Parke,71.0,70.0,Southpaw
Ryan Parker,75.0,,Southpaw
Larry Parker,71.0,,Orthodox
Tyra Parker,65.0,,Orthodox
Mick Parkin,76.0,79.0,Orthodox
Willie Parks,70.0,,
Jordan Parsons,69.0,,
Preston Parsons,71.0,71.0,Orthodox
Jonny Parsons,69.0,69.0,Orthodox
Onassis Parungao,71.0,,
Ramona Pascual,67.0,66.0,Southpaw
Quentin Pasley,,,
Billy Pasulatan,65.0,66.0,Switch
Guilherme Pat,,,
Jhonoven Pati,73.0,75.0,Switch
Windri Patilima,66.0,71.0,Southpaw
Jorge Patino,68.0,,Orthodox
Russell Patrick,69.0,,
Claude Patrick,71.0,75.0,Orthodox
Alan Patrick,71.0,74.0,Southpaw
Michael Patt,72.0,,Orthodox
Justin Patterson,70.0,,
Sam Patterson,75.0,78.0,Orthodox
Zac Pauga,74.0,76.0,Orthodox
Julio Paulino,72.0,,Orthodox
Thomas Paull,67.0,67.0,Orthodox
Sergei Pavlovich,75.0,84.0,Southpaw
Pawel Pawlak,72.0,73.0,Orthodox
Estevan Payan,70.0,,Orthodox
Sarah Payant,64.0,,
Roland Payne,69.0,,Orthodox
Jonathan Pearce,72.0,71.0,Switch
Joe Pearson,70.0,,Orthodox
Ross Pearson,68.0,69.0,Orthodox
Andre Pederneiras,68.0,,Orthodox
Carlo Pedersoli Jr.,71.0,75.0,Southpaw
Matt Pedro,,,
Tyson Pedro,75.0,79.0,Orthodox
Trevor Peek,69.0,70.0,Switch
Willie Peeters,69.0,,Orthodox
Filip Pejic,68.0,,Orthodox
Kurt Pellegrino,68.0,70.0,Orthodox
Yan Pellerin,71.0,,Orthodox
Julianna Pena,66.0,69.0,Orthodox
Luis Pena,75.0,75.0,Southpaw
Felipe Pena,,,
Matej Penaz,75.0,83.0,Southpaw
Sherman Pendergarst,73.0,,Orthodox
Drew Pendleton,,,
Cathal Pendred,73.0,75.0,Orthodox
BJ Penn,69.0,70.0,Orthodox
Jessica Penne,65.0,67.0,Orthodox
Nick Penner,76.0,,Southpaw
Justin Pennington,64.0,,
Raquel Pennington,67.0,67.0,Orthodox
Tecia Pennington,61.0,60.0,Orthodox
Jerron Peoples,72.0,,
Godofredo Pepey,67.0,73.0,Orthodox
Ray Perales,70.0,,Orthodox
Robert Peralta,68.0,71.0,Orthodox
Viviane Pereira,61.0,63.0,Orthodox
Michel Pereira,73.0,73.0,Orthodox
Alex Pereira,76.0,79.0,Orthodox
Daniel Pereira,70.0,,
Luciano Pereira,,,Orthodox
Alice Pereira,68.0,71.0,Orthodox
Rolando Perez,68.0,,Orthodox
Philip Perez,65.0,,Southpaw
Erik Perez,68.0,68.0,Orthodox
Alejandro Perez,66.0,67.0,Orthodox
Frankie Perez,71.0,73.0,Orthodox
Jose Perez,,,
Alex Perez,66.0,65.0,Orthodox
Markus Perez,73.0,73.0,Orthodox
Ailin Perez,65.0,66.0,Switch
Cristian Perez,69.0,72.0,Orthodox
Rafael Pergentino,73.0,76.0,Orthodox
Brando Pericic,77.0,79.0,Orthodox
Anthony Perosh,75.0,75.0,Orthodox
Thiago Perpetuo,70.0,,Orthodox
Hernani Perpetuo,72.0,,Orthodox
Jay Perrin,67.0,67.0,Switch
Mike Perry,70.0,71.0,Orthodox
Raphael Pessoa,75.0,78.0,Orthodox
Viktor Pesta,75.0,77.0,Orthodox
Leiticia Pestova,66.0,,Orthodox
Tony Petarra,71.0,,Orthodox
Tommy Petersen,,,
Thomas Petersen,73.0,74.0,Southpaw
Cory Peterson,83.0,,Orthodox
Steven Peterson,70.0,70.0,Orthodox
Vitor Petrino,74.0,77.0,Orthodox
Andre Petroski,72.0,73.0,Switch
Armen Petrosyan,75.0,71.0,Orthodox
Ivana Petrovic,68.0,70.0,Southpaw
Seth Petruzelli,72.0,76.0,Orthodox
Peter Petties,71.0,72.0,Southpaw
Anthony Pettis,70.0,72.0,Orthodox
Sergio Pettis,66.0,69.0,Orthodox
Forrest Petz,69.0,71.0,Orthodox
Dino Pezao,,,Orthodox
Cody Pfister,70.0,73.0,Orthodox
Nam Phan,66.0,70.0,Orthodox
Constantinos Philippou,71.0,73.0,Orthodox
Wayne Phillips,,,
Dave Phillips,72.0,,Orthodox
Aaron Phillips,69.0,71.0,Southpaw
Elizabeth Phillips,66.0,65.0,Orthodox
John Phillips,71.0,75.0,Southpaw
Kyler Phillips,68.0,72.0,Orthodox
Mario Piazzon,69.0,73.0,Orthodox
Nick Pica,70.0,,
Nick Piccininni,66.0,66.0,Orthodox
Adam Piccolotti,71.0,,
Vinc Pichel,70.0,72.0,Orthodox
Brad Pickett,66.0,68.0,Orthodox
Jamie Pickett,74.0,80.0,Orthodox
Aaron Pico,68.0,70.0,Orthodox
Fabiola Pidroni,,,
Oskar Piechota,72.0,76.0,Southpaw
Nick Piedmont,70.0,,
Mike Pierce,68.0,71.0,Orthodox
Joao Pierini,73.0,,Switch
Jonathan Piersma,71.0,73.0,Orthodox
Sean Pierson,72.0,76.0,Southpaw
Domingo Pilarte,72.0,73.0,Southpaw
Paddy Pimblett,70.0,73.0,Orthodox
Damian Pinas,73.0,79.0,Orthodox
Daniel Pineda,67.0,69.0,Orthodox
Jesus Pinedo,70.0,,Southpaw
Pingyuan Liu,66.0,72.0,Orthodox
Luana Pinheiro,62.0,62.0,Orthodox
Mario Pinto,77.0,79.0,Orthodox
Gaetano Pirrello,67.0,65.0,Orthodox
Maki Pitolo,70.0,75.0,Orthodox
Dmitry Poberezhets,75.0,,
Jamal Pogues,75.0,77.0,Orthodox
Ross Pointon,68.0,,Orthodox
Dustin Poirier,69.0,72.0,Southpaw
Igor Pokrajac,72.0,74.0,Orthodox
John Polakowski,70.0,,Orthodox
Julia Polastri,62.0,64.0,Orthodox
Brandon Polcare,,,
Mike Polchlopek,76.0,,Orthodox
Santiago Ponzinibbio,72.0,73.0,Orthodox
Grigory Popov,67.0,68.0,Switch
Alexander Poppeck,74.0,,Orthodox
Felipe Portela,,,
Parker Porter,72.0,75.0,Orthodox
Ihor Potieria,75.0,75.0,Southpaw
Callan Potter,72.0,72.0,Orthodox
Dylan Potter,74.0,77.0,Switch
Ruan Potts,74.0,75.0,Orthodox
Devin Powell,72.0,73.0,Orthodox
Marcin Prachnio,75.0,73.0,Orthodox
Wagner Prado,72.0,74.0,Southpaw
Francisco Prado,70.0,69.0,Orthodox
Trevor Prangley,73.0,75.0,Orthodox
Ricardo Prasel,79.0,78.0,Orthodox
Carlo Prater,71.0,72.0,Switch
Carlos Prates,73.0,78.0,Switch
Michel Prazeres,66.0,67.0,Orthodox
Philip Preece,68.0,,Orthodox
Kyle Prepolec,70.0,70.0,Southpaw
Dorian Price,75.0,,Southpaw
Chris Price,74.0,,Southpaw
Niko Price,72.0,76.0,Orthodox
Shane Primm,75.0,,Orthodox
Brent Primus,70.0,,
Jiri Prochazka,75.0,80.0,Orthodox
Lara Procopio,64.0,67.0,Orthodox
Joe Proctor,70.0,72.0,Orthodox
Cole Province,69.0,68.0,Orthodox
Daniel Puder,75.0,,Orthodox
Lucie Pudilova,68.0,67.0,Orthodox
Claudio Puelles,70.0,72.0,Southpaw
Juan Puerta,69.0,71.0,Southpaw
Bubba Pugh,70.0,,
Juan Manuel Puig,69.0,,Orthodox
Hugh Pulley,72.0,,
Josh Pulsifer,70.0,,
Jens Pulver,67.0,70.0,Southpaw
Andrey Pulyaev,76.0,78.0,Southpaw
CM Punk,73.0,73.0,Orthodox
Joe Pyfer,74.0,75.0,Orthodox
Mike Pyle,72.0,74.0,Orthodox
Pat Pytlik,72.0,73.0,Orthodox
Qiu Lun,68.0,66.0,Southpaw
Bao Quach,63.0,,Orthodox
Gary Quan,68.0,,
Billy Quarantillo,70.0,70.0,Orthodox
Nate Quarry,72.0,72.0,Open Stance
Vinicius Queiroz,79.0,,Orthodox
Jimmy Quinlan,72.0,,Orthodox
Josh Quinlan,72.0,72.0,Orthodox
Ryan Quinn,68.0,,
Michel Quinones,70.0,73.0,Orthodox
Landon Quinones,69.0,70.0,Southpaw
Jose Quinonez,68.0,69.0,Southpaw
Cristian Quinonez,68.0,70.0,Orthodox
Benji Radach,70.0,,Orthodox
Jordan Radev,67.0,,Southpaw
Charles Radtke,69.0,72.0,Orthodox
Loik Radzhabov,71.0,69.0,Orthodox
Gilbert Rael,68.0,,
Josh Rafferty,72.0,,Orthodox
Marwan Rahiki,,,
Amir Rahnavardi,72.0,,Orthodox
Ricky Rainey,73.0,77.0,Switch
Shavkat Rakhmonov,73.0,77.0,Orthodox
Sora Rakhmonova,,,
Aleksandar Rakic,76.0,78.0,Orthodox
Jessica Rakoczy,67.0,,Orthodox
Zygimantas Ramaska,71.0,71.0,Orthodox
Thomas Ramirez,73.0,,Sideways
Hector Ramirez,72.0,,Orthodox
Matt Ramirez,65.0,,
Steve Ramirez,67.0,,
Amador Ramirez,,,
Mitch Ramirez,71.0,71.0,Orthodox
Andrew Ramm,73.0,,
Ian Rammel,72.0,,
Luis Ramos,68.0,,Orthodox
Ricardo Ramos,69.0,72.0,Orthodox
Davi Ramos,66.0,70.0,Orthodox
Dorian Ramos,68.0,70.0,Orthodox
Vernon Ramos Ho,66.0,,Orthodox
Kevin Randleman,70.0,,Orthodox
Raou Raou,68.0,,Orthodox
Mitch Raposo,65.0,64.0,Switch
Hussain Rasouli,66.0,,
David Rasouri,67.0,,
Ed Ratcliff,70.0,71.0,Orthodox
Bec Rawlings,66.0,64.0,Orthodox
Gideon Ray,70.0,,Southpaw
Joe Ray,,,
Stevie Ray,70.0,70.0,Southpaw
Keenan Raymond,,,
Iony Razafiarison,63.0,,
Abdul Razak Alhassan,70.0,73.0,Orthodox
Antony Rea,72.0,,Orthodox
Mateusz Rebecki,67.0,66.0,Southpaw
Rafael Rebello,65.0,67.0,Orthodox
Greg Rebello,72.0,73.0,Southpaw
Paul Redmond,70.0,,Orthodox
Dennis Reed,,,Orthodox
Karl Reed,75.0,78.0,Orthodox
Elise Reed,63.0,63.0,Orthodox
John Reedy,68.0,,
Johnny Rees,72.0,,Orthodox
James Reese,69.0,,
Zachary Reese,76.0,77.0,Switch
Stephen Regman,71.0,76.0,Orthodox
Chad Reiner,71.0,,Orthodox
Jason Reinhardt,66.0,,Orthodox
Wilson Reis,64.0,65.0,Southpaw
Ben Reiter,75.0,,
Goran Reljic,75.0,81.0,Southpaw
Leigh Remedios,67.0,,Orthodox
Ren Yawei,69.0,69.0,Orthodox
Paulo Renato Junior,72.0,73.0,Orthodox
Chance Rencountre,74.0,75.0,Southpaw
Montse Rendon,68.0,68.0,Orthodox
Marion Reneau,66.0,68.0,Orthodox
Solomon Renfro,69.0,72.0,Switch
John Renken,72.0,,Orthodox
Herman Renting,72.0,,Switch
Marco Polo Reyes,71.0,71.0,Orthodox
Dominick Reyes,76.0,77.0,Southpaw
Alex Reyes,71.0,73.0,Orthodox
Kyle Reyes,68.0,,
Javier Reyes,67.0,73.0,
Victor Reyna,71.0,74.0,Southpaw
Gaston Reyno,72.0,,
Johnny Rhodes,72.0,,Orthodox
Mike Rhodes,73.0,74.0,Orthodox
Lucrezia Ria,66.0,,Orthodox
Amanda Ribas,64.0,66.0,Orthodox
Vitor Ribeiro,68.0,,Orthodox
Will Ribeiro,68.0,,Orthodox
Claudio Ribeiro,73.0,77.0,Orthodox
Brendson Ribeiro,75.0,81.0,Orthodox
Esteban Ribovics,70.0,69.0,Orthodox
Mike Ricci,72.0,76.0,Southpaw
Alex Ricci,71.0,,Orthodox
Tabatha Ricci,61.0,61.0,Orthodox
Matt Ricehouse,,,
John Richard,,,
Rex Richards,77.0,,
Mike Richman,68.0,,
Dave Rickels,71.0,,
Haisam Rida,,,
Brad Riddell,67.0,71.0,Orthodox
Matthew Riddle,73.0,76.0,Southpaw
Joe Riggs,72.0,70.0,Southpaw
Jeremiah Riggs,72.0,,
Aaron Riley,68.0,69.0,Southpaw
Jason Riley,78.0,,
Luke Riley,,,
Moise Rimbon,70.0,,Orthodox
Jordan Rinaldi,70.0,72.0,Orthodox
Nick Ring,72.0,74.0,Southpaw
Robbie Ring,69.0,68.0,Orthodox
Mike Rio,70.0,70.0,Orthodox
Albert Rios,68.0,,
Rafael Rios,,,
Maria Rios,65.0,,
Shannon Ritch,69.0,,Orthodox
Diego Rivas,68.0,69.0,Orthodox
Jorge Rivera,73.0,73.0,Orthodox
Dante Rivera,73.0,,Southpaw
Mario Rivera,70.0,,
Francisco Rivera,68.0,70.0,Orthodox
Jonathan Rivera,,,
Jimmie Rivera,64.0,68.0,Orthodox
Irwin Rivera,66.0,67.0,Southpaw
Jerome Rivera,70.0,72.0,Southpaw
Nicdali Rivera-Calanoc,63.0,,
Pedro Rizzo,73.0,,Orthodox
Theo Rlayang,67.0,65.0,Orthodox
Justin Robbins,65.0,,
Kali Robbins,63.0,63.0,Orthodox
Karl Roberson,73.0,74.0,Southpaw
Andre Roberts,74.0,,Orthodox
David Roberts,73.0,,Orthodox
Joey Roberts,74.0,,
Tyrone Roberts,69.0,,Orthodox
Ryan Roberts,66.0,,Orthodox
Taylor Roberts,71.0,,
Daniel Roberts,70.0,74.0,Southpaw
Buddy Roberts,74.0,,Orthodox
Danny Roberts,73.0,74.0,Southpaw
Roosevelt Roberts,74.0,73.0,Orthodox
Kenny Robertson,70.0,74.0,Orthodox
Gillian Robertson,65.0,63.0,Orthodox
Chad Robichaux,64.0,,
Mark Robinson,72.0,,Orthodox
Colin Robinson,76.0,,Orthodox
Alvin Robinson,69.0,68.0,Southpaw
Damonte Robinson,72.0,77.0,
Vagner Rocha,70.0,73.0,Orthodox
Carlos Eduardo Rocha,70.0,73.0,Orthodox
Pedro Rocha,,,
Lucas Rocha,63.0,64.0,Orthodox
Shaqueme Rock,,,
Keith Rockel,72.0,,Orthodox
Luke Rockhold,75.0,77.0,Southpaw
Kevin Roddy,71.0,,
Gregory Rodrigues,75.0,75.0,Orthodox
Kleydson Rodrigues,65.0,67.0,Orthodox
Levi Rodrigues,,,
Paul Rodriguez,67.0,,Orthodox
Ricco Rodriguez,76.0,,Orthodox
Manuel Rodriguez,69.0,,Orthodox
Yair Rodriguez,71.0,71.0,Orthodox
Mike Rodriguez,76.0,82.0,Southpaw
Marina Rodriguez,66.0,65.0,Orthodox
Daniel Rodriguez,73.0,74.0,Southpaw
Ray Rodriguez,67.0,70.0,Orthodox
Ronaldo Rodriguez,66.0,65.0,Orthodox
Drako Rodriguez,68.0,69.0,Orthodox
Victor Rodriguez,65.0,67.0,Switch
Piera Rodriguez,63.0,63.0,Orthodox
Christian Rodriguez,67.0,71.0,Orthodox
Pete Rodriguez,69.0,71.0,Switch
Imanol Rodriguez,64.0,64.0,Orthodox
Nick Roehrick,74.0,,Orthodox
Marcos Rogerio de Lima,73.0,75.0,Orthodox
Brett Rogers,77.0,81.0,Orthodox
Brian Rogers,71.0,,
Pete Rogers Jr.,72.0,,
Max Rohskopf,73.0,71.0,Orthodox
Marcelo Rojo,68.0,71.0,Orthodox
Shane Roller,70.0,72.0,Orthodox
Jared Rollins,69.0,,Orthodox
Tim Roman,73.0,,
Alexandr Romanov,74.0,75.0,Southpaw
Ricardo Romero,72.0,76.0,Orthodox
Yoel Romero,72.0,73.0,Southpaw
Anthony Romero,71.0,70.0,Orthodox
Kaleio Romero,70.0,69.0,Switch
Roberto Romero,68.0,70.0,Orthodox
Mara Romero Borella,66.0,69.0,Orthodox
Cortavious Romious,64.0,68.0,Southpaw
Juancamilo Ronderos,63.0,64.0,Southpaw
 Rongzhu,69.0,71.0,Orthodox
Jesse Ronson,70.0,70.0,Southpaw
George Roop,73.0,72.0,Orthodox
Joao Roque,66.0,,Orthodox
Aaron Rosa,76.0,77.0,Orthodox
Charles Rosa,69.0,69.0,Switch
Karol Rosa,65.0,67.0,Orthodox
Jacob Rosales,71.0,74.0,Orthodox
Raul Rosas Jr.,69.0,67.0,Switch
Hilarie Rose,63.0,63.0,Orthodox
Jake Rosholt,73.0,,Orthodox
Jared Rosholt,74.0,75.0,Orthodox
Kevin Rosier,76.0,,Orthodox
Zach Rosol,,,
Shannon Ross,66.0,66.0,Switch
Nick Rossborough,77.0,,
Kristian Rothaermel,72.0,,Open Stance
Ben Rothwell,76.0,78.0,Orthodox
Rick Roufus,72.0,,Southpaw
Khalil Rountree Jr.,73.0,76.0,Southpaw
Ronda Rousey,67.0,66.0,Orthodox
Ray Routh,68.0,,Orthodox
Roberta Rovel,68.0,,
Phil Rowe,75.0,80.0,Orthodox
Cam Rowston,75.0,78.0,Orthodox
Kain Royer,,,
Brad Royster,,,
Brandon Royval,69.0,68.0,Southpaw
Jairzinho Rozenstruik,74.0,78.0,Orthodox
Mauricio Rua,73.0,76.0,Orthodox
Murilo Rua,71.0,,Orthodox
Marco Ruas,73.0,,Orthodox
Rodrigo Ruas,70.0,,Orthodox
Rodolfo Rubio Perez,65.0,,Orthodox
Robert Ruchala,68.0,72.0,Switch
Gabe Ruediger,70.0,,Orthodox
Mauricio Ruffy,71.0,75.0,Orthodox
Eddie Ruiz,67.0,,Orthodox
Anthony Ruiz,74.0,,Orthodox
Paul Ruiz,66.0,,
Montserrat Conejo Ruiz,60.0,61.0,Southpaw
Mike Russow,73.0,73.0,Orthodox
Bas Rutten,73.0,,Orthodox
Mashrabjon Ruzibaev,68.0,67.0,Orthodox
Nursulton Ruziboev,77.0,76.0,Orthodox
Casey Ryan,,,
Yusup Saadulaev,66.0,,
Cameron Saaiman,68.0,67.0,Southpaw
Pete Sabala,,,
Danny Sabatello,70.0,71.0,Orthodox
Pat Sabatini,68.0,70.0,Orthodox
Amir Sadollah,70.0,75.0,Orthodox
Nazim Sadykhov,70.0,69.0,Southpaw
Frankie Saenz,66.0,66.0,Orthodox
Terrance Saeteurn,66.0,67.0,Orthodox
Saparbeg Safarov,73.0,78.0,Orthodox
Tarec Saffiedine,70.0,70.0,Switch
Jason Saggo,71.0,71.0,Orthodox
Kiru Sahota,70.0,73.0,Orthodox
Tatsuya Saika,72.0,73.0,Orthodox
Mridul Saikia,67.0,68.0,Orthodox
Kaushik Saikumar,70.0,71.0,Orthodox
Benoit Saint Denis,71.0,73.0,Southpaw
Ovince Saint Preux,75.0,80.0,Southpaw
Lukasz Sajewski,68.0,71.0,Orthodox
Yukio Sakaguchi,69.0,,Orthodox
Augusto Sakai,75.0,77.0,Orthodox
Alessio Sakara,72.0,72.0,Orthodox
Wataru Sakata,69.0,,Southpaw
Gokhan Saki,72.0,73.0,Orthodox
Kazushi Sakuraba,72.0,,Southpaw
Hayato Sakurai,67.0,,Orthodox
Ryuta Sakurai,67.0,,Orthodox
Justin Salas,68.0,70.0,Southpaw
Ivan Salaverry,72.0,,Orthodox
Roman Salazar,67.0,,Orthodox
Luis Saldana,71.0,73.0,Orthodox
John Salgado,70.0,,
Muslim Salikhov,71.0,70.0,Orthodox
Gabriel Salinas-Jones,73.0,,
Brandon Saling,70.0,,
Quillan Salkilld,72.0,75.0,Orthodox
Sean Salmon,70.0,,Southpaw
Boston Salmon,69.0,69.0,Southpaw
John Salter,73.0,74.0,Southpaw
Vinicius Salvador,67.0,70.0,Southpaw
Dylan Salvador,69.0,69.0,Southpaw
Josh Samman,75.0,79.0,Orthodox
Johnny Sampaio,68.0,,Orthodox
Josh Sampo,64.0,64.0,Orthodox
Josh San Diego,70.0,,
Samuel Sanches,70.0,74.0,Orthodox
Diego Sanchez,70.0,72.0,Southpaw
Eddie Sanchez,74.0,74.0,Orthodox
Julian Sanchez,75.0,,Orthodox
Bobby Sanchez,67.0,,Orthodox
Donald Sanchez,70.0,,
Joby Sanchez,66.0,68.0,Orthodox
Emmanuel Sanchez,69.0,71.0,
Erick Sanchez,70.0,,
Andrew Sanchez,73.0,74.0,Orthodox
Robert Sanchez,66.0,66.0,Orthodox
Jesse Sanders,72.0,,Orthodox
Luke Sanders,66.0,67.0,Southpaw
Jerrod Sanders,68.0,72.0,Orthodox
Cory Sandhagen,71.0,70.0,Switch
Hugo Sandoval,,,
Raul Sandoval,,,
Joseph Sandoval,67.0,,Southpaw
Hector Sandoval,62.0,64.0,Orthodox
Chris Sanford,71.0,,Orthodox
Roldan Sangcha'an,64.0,,Orthodox
Yuhi Sano,71.0,,Orthodox
Martin Sano,71.0,75.0,Orthodox
Jonathan Santa Maria,69.0,,
Duda Santana,67.0,73.0,Orthodox
Shaheen Santana,73.0,75.0,Orthodox
Neemias Santana,74.0,76.0,Orthodox
Sean Santella,65.0,,
Jorge Santiago,73.0,75.0,Orthodox
Mike Santiago,70.0,69.0,Orthodox
Will Santiago,67.0,,Orthodox
Richie Santiago,67.0,67.0,Southpaw
Jose Santibanez,,,
Art Santore,74.0,,
Adriano Santos,,,
Paulo Santos,,,
Evangelista Santos,70.0,76.0,Orthodox
Luis Santos,73.0,,Southpaw
Iliarde Santos,65.0,67.0,Orthodox
Leonardo Santos,72.0,75.0,Orthodox
Thiago Santos,74.0,76.0,Orthodox
Bruno Santos,69.0,,Orthodox
Andre Santos,72.0,,
Gleristone Santos,69.0,,
Yana Santos,66.0,68.0,Orthodox
Taila Santos,66.0,68.0,Orthodox
Marilia Santos,64.0,,Orthodox
Edivan Santos,76.0,78.0,Orthodox
Daniel Santos,67.0,67.0,Orthodox
Gabriel Santos,69.0,70.0,Orthodox
Luana Santos,66.0,67.0,Orthodox
Djorden Santos,72.0,75.0,Orthodox
Mairon Santos,67.0,72.0,Orthodox
Nick Sanzo,69.0,,
Bob Sapp,77.0,,Orthodox
Daniel Sarafian,69.0,73.0,Orthodox
Jeka Saragih,68.0,69.0,Orthodox
Diego Saraiva,66.0,,Orthodox
Harris Sarmiento,69.0,,Orthodox
Alexander Sarnavskiy,71.0,,
Yuki Sasaki,74.0,,Orthodox
Kyosuke Sasaki,67.0,,Southpaw
Yuta Sasaki,70.0,71.0,Southpaw
Paul Sass,72.0,73.0,Orthodox
Keisuke Sasu,65.0,69.0,Switch
Masaaki Satake,73.0,,Orthodox
Takenori Sato,70.0,,Southpaw
Takashi Sato,70.0,73.0,Southpaw
Shogo Sato,67.0,66.0,Southpaw
Uran Satybaldiev,76.0,79.0,Orthodox
Jeimeson Saudino,66.0,,
Tom Sauer,73.0,,
Townsend Saunders,65.0,,Orthodox
Ben Saunders,74.0,77.0,Orthodox
Chad W. Saunders,70.0,,Orthodox
Chris Saunders,68.0,,
Christien Savoie,71.0,72.0,Orthodox
Lumumba Sayers,72.0,,
Matt Sayles,67.0,68.0,Orthodox
Brandon Sayles,77.0,,
Mikheil Sazhiniani,72.0,71.0,Orthodox
Mark Scanlon,69.0,,Orthodox
Eric Schafer,75.0,76.0,Orthodox
Kerry Schall,74.0,,Orthodox
Eric Schambari,71.0,,Orthodox
Brendan Schaub,76.0,78.0,Orthodox
Matheus Scheffel,74.0,75.0,Orthodox
Antonio Schembri,69.0,,Orthodox
Fabiano Scherner,75.0,,Orthodox
Samy Schiavo,68.0,,Orthodox
Pat Schilling,68.0,,Orthodox
Joe Schilling,75.0,,
Semmy Schilt,82.0,,Orthodox
Adam Schindler,68.0,,
Daniel Schmitt,,,
Colleen Schneider,,,
Matt Schnell,68.0,70.0,Orthodox
Alex Schoenauer,75.0,,Orthodox
Bailey Schoenfelder,75.0,76.0,Orthodox
Darrill Schoonover,74.0,,Orthodox
Bob Schrijber,72.0,,Orthodox
Nate Schroeder,73.0,,
Lacey Schuckman,63.0,,
Mark Schultz,69.0,,Orthodox
Wes Schultz,74.0,77.0,Orthodox
Brian Schwartz,75.0,,Orthodox
Eric Schwartz,,,
Justin Scoggins,67.0,66.0,Southpaw
Brad Scott,73.0,76.0,Orthodox
Greg Scott,69.0,,
Louis Lee Scott,68.0,70.0,Orthodox
Zachary Scroggin,75.0,74.0,Orthodox
Mike Seal,76.0,,Orthodox
Demba Seck,73.0,74.0,Orthodox
Matt Secor,72.0,,
Kenneth Seegrist,72.0,,Orthodox
Neil Seery,64.0,64.0,Orthodox
Rony Sefo,69.0,,Orthodox
Ray Sefo,72.0,,Orthodox
Brendan Seguin,72.0,,
Tetsuya Seki,70.0,,
Stefan Sekulic,72.0,75.0,Southpaw
Pete Sell,71.0,75.0,Orthodox
Matthew Semelsberger,73.0,75.0,Switch
Andrei Semenov,72.0,,Orthodox
Mackens Semerzier,69.0,72.0,Orthodox
Brandon Sene,71.0,,
YeDam Seo,63.0,63.0,Orthodox
DongHyun Seo,67.0,67.0,Orthodox
Kim In Seok,66.0,,Orthodox
Ray Seraille,75.0,,
Ivan Serati,72.0,,Orthodox
Alex Serdyukov,74.0,74.0,Orthodox
Nicholas Sergiacomi,,,
Matt Serra,66.0,68.0,Orthodox
Nick Serra,69.0,,Orthodox
Adrian Serrano,68.0,,
Fredy Serrano,63.0,65.0,Orthodox
Carl Seumanutafa,73.0,,Orthodox
Igor Severino,67.0,69.0,Orthodox
Dan Severn,74.0,,Southpaw
Rosi Sexton,63.0,,Orthodox
Rodrigo Sezinando,69.0,71.0,Orthodox
Scott Shaffer,67.0,,Orthodox
Edmen Shahbazyan,74.0,75.0,Orthodox
Leon Shahbazyan,76.0,74.0,Orthodox
Don Shainis,66.0,67.0,Orthodox
Liliya Shakirova,64.0,65.0,Orthodox
Kamal Shalorus,68.0,68.0,Orthodox
Ken Shamrock,73.0,72.0,Orthodox
Frank Shamrock,70.0,,Orthodox
Shang Zhifa,67.0,63.0,Orthodox
Sean Sharaf,75.0,77.0,Orthodox
Priya Sharma,61.0,59.0,Orthodox
Jason Sharp,,,
Eric Shelton,66.0,68.0,Orthodox
Sean Sherk,66.0,67.0,Orthodox
Chase Sherman,76.0,78.0,Orthodox
Valentina Shevchenko,65.0,66.0,Southpaw
Antonina Shevchenko,68.0,67.0,Southpaw
Shi Ming,62.0,60.0,Orthodox
Katsuyori Shibata,72.0,,Orthodox
Jake Shields,72.0,72.0,Orthodox
Henrique Shiguemoto,71.0,72.0,Orthodox
Shunichi Shimizu,65.0,,Orthodox
Wade Shipp,75.0,,Orthodox
Raja Shippen,66.0,,
Yuya Shirai,68.0,,Orthodox
Wes Shivers,80.0,,
Alexander Shlemenko,71.0,,
Josh Shockley,73.0,,Orthodox
Josh Shockman,76.0,,Southpaw
Akira Shoji,68.0,,Orthodox
Liudvik Sholinian,70.0,71.0,Orthodox
Jack Shore,68.0,71.0,Orthodox
Landon Showalter,72.0,,
Ivan Shtyrkov,72.0,74.0,Orthodox
Brandon Shuey,67.0,,Orthodox
Ronal Siahaan,67.0,71.0,Southpaw
Sam Sicilia,68.0,67.0,Orthodox
Kiril Sidelnikov,71.0,,
Serhiy Sidey,71.0,72.0,Switch
Steven Siler,71.0,70.0,Orthodox
Siala Siliga,73.0,,Orthodox
Xavier Siller,65.0,,
Assuerio Silva,70.0,,Orthodox
Anderson Silva,74.0,77.0,Southpaw
Wanderlei Silva,71.0,74.0,Orthodox
Thiago Silva,74.0,74.0,Orthodox
Paulo Cesar Silva,89.0,,Orthodox
Jean Silva,66.0,,Orthodox
Edson Silva,,,Orthodox
Sidney Silva,75.0,,Southpaw
Jay Silva,74.0,,Southpaw
Antonio Silva,76.0,82.0,Orthodox
Fabio Silva,71.0,,Orthodox
Erick Silva,72.0,74.0,Orthodox
Leandro Silva,69.0,72.0,Orthodox
Claudio Silva,71.0,71.0,Southpaw
Wagner Silva,72.0,,Orthodox
Rafael Silva,67.0,,
Joaquim Silva,68.0,69.0,Southpaw
Felipe Silva,72.0,77.0,Orthodox
Dayana Silva,67.0,,Orthodox
Bruno Silva,64.0,65.0,Orthodox
Bruno Silva,72.0,74.0,Orthodox
Gabriel Silva,66.0,71.0,Orthodox
Jacob Silva,65.0,67.0,Orthodox
Natalia Silva,64.0,65.0,Southpaw
Jansey Silva,74.0,67.0,Orthodox
Maria Silva,63.0,64.0,Orthodox
Karine Silva,65.0,67.0,Orthodox
Erik Silva,69.0,71.0,Orthodox
Janaina Silva,61.0,60.0,Orthodox
Jhonata Silva,65.0,66.0,Orthodox
Jean Silva,67.0,69.0,Orthodox
Danny Silva,71.0,70.0,Switch
Frank Silva,,,
Samuel Silva,72.0,72.0,Orthodox
Douglas Silva de Andrade,67.0,68.0,Orthodox
Leonardo Silva de Oliveira,74.0,,Orthodox
Marcus Silveira,75.0,,Orthodox
Elias Silverio,71.0,73.0,Orthodox
Sim Kai Xiong,66.0,67.0,Orthodox
Jamey Simmons,66.0,70.0,Orthodox
Ricky Simon,66.0,69.0,Orthodox
Aaron Simpson,72.0,73.0,Orthodox
Wes Sims,82.0,,Orthodox
Marlon Sims,,,
Tony Sims,71.0,70.0,Southpaw
Everett Sims,77.0,77.0,Southpaw
Lodune Sincaid,69.0,,Orthodox
Rob Sinclair,68.0,,
Rory Singer,74.0,77.0,Orthodox
Rana Rudra Pratap Singh,70.0,69.0,Orthodox
Kiran Singh,61.0,65.0,Orthodox
Elvis Sinosic,75.0,77.0,Orthodox
Mitchell Sipe,74.0,,Orthodox
Gian Siqueira,73.0,74.0,Orthodox
Jeremia Siregar,62.0,63.0,Orthodox
AJ Siscoe,67.0,,
Yokthai Sithoar,67.0,,
Jeri Sitzes,65.0,,
Dennis Siver,66.0,70.0,Orthodox
Chas Skelly,71.0,72.0,Orthodox
Matt Skelton,75.0,,Orthodox
Zach Skinner,66.0,,Orthodox
Brian Sleeman,68.0,,
Joe Slick,72.0,,Orthodox
Ray Sloan,73.0,,
Kestutis Smirnovas,70.0,,Orthodox
Maurice Smith,74.0,,Orthodox
Patrick Smith,74.0,,Orthodox
Scott Smith,72.0,70.0,Orthodox
Eric Smith,,,Southpaw
Josh Smith,72.0,,Orthodox
David Smith,,,
Adam Smith,,,
Dillon Smith,72.0,,
Trevor Smith,75.0,75.0,Orthodox
Anthony Smith,76.0,76.0,Orthodox
Colton Smith,72.0,71.0,Orthodox
Gilbert Smith,69.0,,Southpaw
Leslie Smith,69.0,66.0,Orthodox
Devonte Smith,69.0,76.0,Orthodox
Cole Smith,71.0,67.0,Orthodox
Nate Smith,66.0,69.0,Switch
Braxton Smith,71.0,72.0,Orthodox
Elijah Smith,69.0,71.0,Orthodox
Jacobe Smith,70.0,72.0,Southpaw
Walter Smith-Cotito,68.0,,
Justin Smitley,,,
Dmitrii Smoliakov,74.0,74.0,Switch
Louis Smolka,69.0,68.0,Orthodox
Cameron Smotherman,69.0,69.0,Orthodox
Shimon Smotritsky,74.0,74.0,Orthodox
Richie Smullen,69.0,68.0,Orthodox
Devin Smyth,70.0,72.0,Switch
Denis Sobolev,75.0,,Orthodox
Peter Sobotta,72.0,75.0,Southpaw
Renato Sobral,73.0,75.0,Orthodox
Rameau Thierry Sokoudjou,70.0,78.0,Orthodox
Axel Sola,74.0,74.0,Southpaw
Alexander Soldatkin,74.0,75.0,Orthodox
Joe Solecki,69.0,70.0,Orthodox
Chris Solomon,71.0,,
Joe Son,64.0,,Orthodox
Paul Song,,,
Song Kenan,72.0,71.0,Orthodox
Song Yadong,68.0,67.0,Orthodox
YoungJae Song,67.0,70.0,Orthodox
Hyeonjong Song,,,
Emrah Sonmez,70.0,71.0,Orthodox
Chael Sonnen,73.0,73.0,Southpaw
Cody Sons,69.0,,
Jin Soo Son,66.0,69.0,Orthodox
Benardo Sopaj,66.0,66.0,Orthodox
Emiliano Sordi,74.0,,Orthodox
Sean Soriano,69.0,70.0,Orthodox
Punahele Soriano,71.0,72.0,Southpaw
Hecher Sosa,69.0,70.0,Orthodox
Dmitry Sosnovskiy,75.0,77.0,Orthodox
Ben Sosoli,72.0,72.0,Southpaw
Krzysztof Soszynski,73.0,77.0,Open Stance
George Sotiropoulos,70.0,71.0,Orthodox
Greg Soto,71.0,73.0,Orthodox
Alex Soto,68.0,,Southpaw
Joe Soto,66.0,65.0,Orthodox
Mario Soto,72.0,,
Andre Soukhamthath,69.0,70.0,Orthodox
Mario Sousa,75.0,79.0,Orthodox
Manoel Sousa,69.0,70.0,Orthodox
Bobby Southworth,74.0,,Orthodox
Jacare Souza,73.0,72.0,Orthodox
Edimilson Souza,72.0,74.0,Orthodox
Livinha Souza,63.0,63.0,Orthodox
Bruno Souza,70.0,70.0,Orthodox
Ketlen Souza,63.0,63.0,Orthodox
Heraldo Souza,71.0,73.0,Orthodox
Charon Spain,69.0,,
Chris Spang,74.0,,Orthodox
Andreas Spang,73.0,,
Ryan Spann,77.0,79.0,Orthodox
Ron Sparks,77.0,,
Tommy Speer,70.0,71.0,Orthodox
Patrick Speight,73.0,,Orthodox
Sean Spencer,70.0,74.0,Orthodox
Felicia Spencer,66.0,68.0,Orthodox
Sam Spengler,71.0,,Orthodox
Nick Sperling,,,
Mario Sperry,74.0,,Orthodox
Eric Spicely,73.0,73.0,Orthodox
Waachiim Spiritwolf,68.0,,
Daniel Spitz,79.0,82.0,Orthodox
Serghei Spivac,75.0,78.0,Orthodox
Daniel Spohn,76.0,79.0,Southpaw
Pete Spratt,69.0,,Orthodox
Austin Springer,68.0,71.0,Orthodox
Georges St-Pierre,71.0,76.0,Orthodox
Bobby Stack,69.0,,Orthodox
Andreas Stahl,71.0,,Orthodox
Ron Stallings,74.0,75.0,Southpaw
Cody Stamann,66.0,64.0,Orthodox
Cristina Stanciu,63.0,,Orthodox
Brian Stann,73.0,74.0,Orthodox
Josh Stansbury,74.0,74.0,Orthodox
Dion Staring,73.0,,Orthodox
Lucas Stark,,,
Clifford Starks,72.0,78.0,Orthodox
Kalib Starnes,75.0,74.0,Orthodox
Laureano Staropoli,73.0,71.0,Orthodox
Damian Stasiak,65.0,70.0,Orthodox
Adam Steele,,,
Dominique Steele,70.0,74.0,Orthodox
Ricky Steele,69.0,74.0,Orthodox
Kody Steele,69.0,71.0,Orthodox
Eric Steenberg,,,
Steve Steinbeiss,75.0,75.0,Orthodox
Ray Steinbeiss,71.0,,Orthodox
Dmitri Stepanov,75.0,,Orthodox
Jeremy Stephens,69.0,71.0,Orthodox
Aljamain Sterling,67.0,71.0,Orthodox
Marc Stevens,69.0,,
Joe Stevenson,67.0,70.0,Orthodox
Maia Stevenson,64.0,62.0,Orthodox
Luke Stewart,71.0,,Orthodox
Darren Stewart,72.0,74.0,Orthodox
Kyle Stewart,72.0,76.0,Orthodox
Alex Stiebling,74.0,,Southpaw
Tyler Stinson,75.0,,
Navajo Stirling,76.0,79.0,Orthodox
Dan Stittgen,73.0,,Orthodox
Lazar Stojadinovic,67.0,68.0,Southpaw
Denis Stojnic,72.0,,Orthodox
Julija Stoliarenko,67.0,66.0,Orthodox
Dustin Stoltzfus,72.0,75.0,Orthodox
Niklas Stolze,73.0,74.0,Switch
Ken Stone,68.0,71.0,Southpaw
Ryan Stonitsch,69.0,,Southpaw
George Stork,70.0,,
Rick Story,69.0,71.0,Southpaw
Darko Stosic,72.0,76.0,Orthodox
Greg Stott,67.0,,Southpaw
Curtis Stout,73.0,,Southpaw
Sam Stout,69.0,70.0,Orthodox
Tim Stout,71.0,,
Jesse Strader,67.0,70.0,Orthodox
Gennaro Strangis,,,
Dave Strasser,70.0,,Orthodox
Daniel Straus,67.0,71.0,
Gerald Strebendt,69.0,,Orthodox
Sean Strickland,73.0,76.0,Orthodox
Mark Striegl,68.0,70.0,Southpaw
Hans Stringer,75.0,,Orthodox
Stefan Struve,83.0,84.0,Orthodox
Josh Stuart,69.0,,
Mike Stumpf,70.0,,
Kyle Sturgeon,75.0,,Switch
Tatiana Suarez,65.0,66.0,Southpaw
Masanori Suda,69.0,,Orthodox
Genki Sudo,69.0,,Orthodox
Lucasz Sudolski,76.0,75.0,Orthodox
Daisuke Sugie,66.0,,Orthodox
Takashi Sugiura,71.0,,Southpaw
Naho Sugiyuma,61.0,,
 Sulangrangbo,69.0,66.0,Southpaw
George Sullivan,72.0,73.0,Orthodox
Amar Suloev,69.0,,Orthodox
Magomed Sultanakhmedov,74.0,,Southpaw
Justin Sumter,74.0,80.0,Southpaw
 Sumudaerji,68.0,72.0,Southpaw
Rama Supandhi,65.0,66.0,Southpaw
Aji Susilo,70.0,,
Baisangur Susurkaev,74.0,79.0,Orthodox
Louie Sutherland,75.0,76.0,Orthodox
Jason Suttie,72.0,,Orthodox
Joel Sutton,71.0,,Orthodox
Chad Sutton,73.0,,
Danilo Suzart,72.0,,Orthodox
Martin Svensson,73.0,,
Daniel Swain,69.0,70.0,Orthodox
Cub Swanson,68.0,70.0,Orthodox
Mike Swick,73.0,77.0,Orthodox
Floyd Sword,72.0,,Orthodox
Oumar Sy,76.0,83.0,Orthodox
Klaudia Sygula,68.0,69.0,Orthodox
Bentley Syler,64.0,,Orthodox
Kevin Syler,69.0,71.0,Switch
Leo Sylvest,71.0,,Orthodox
Tony Sylvester,73.0,,Southpaw
Tim Sylvia,80.0,80.0,Orthodox
Kevin Szaflarski,77.0,77.0,Orthodox
Sebastian Szalay,66.0,66.0,Orthodox
Bartosz Szewczyk,76.0,73.0,Orthodox
Osamu Tachihikari,77.0,,Orthodox
Amber Tackett,,,
Eugenio Tadeu,68.0,,Orthodox
Albert Tadevosyan,,,
Justin Tafa,72.0,74.0,Southpaw
Junior Tafa,75.0,75.0,Orthodox
Khalid Taha,65.0,69.0,Orthodox
Joe Taimanglo,64.0,,
Tatsuro Taira,67.0,70.0,Orthodox
Mairbek Taisumov,69.0,73.0,Orthodox
Taiyilake Nueraji,74.0,75.0,Southpaw
Nobuhiko Takada,72.0,,Southpaw
Yoshiki Takahashi,71.0,,Southpaw
Yoko Takahashi,68.0,,
Daiju Takase,72.0,,Southpaw
Hiroyuki Takaya,66.0,,Orthodox
Yoshihiro Takayama,77.0,,Orthodox
Makoto Takimoto,67.0,,Southpaw
Oleg Taktarov,72.0,,Orthodox
Payton Talbott,70.0,70.0,Switch
Nordine Taleb,73.0,74.0,Orthodox
Murtaza Talha,72.0,74.0,Orthodox
Tsuyoshi Tamakairiki,72.0,,Orthodox
Eli Tamez,67.0,,
Kiyoshi Tamura,71.0,,Southpaw
Akitoshi Tamura,69.0,70.0,Orthodox
Issei Tamura,65.0,63.0,Orthodox
Jason Tan,70.0,,Orthodox
Akihito Tanaka,,,Southpaw
Michinori Tanaka,65.0,67.0,Orthodox
Evan Tanner,72.0,74.0,Orthodox
Kasey Tanner,67.0,69.0,Orthodox
Otari Tanzilovi,70.0,70.0,Orthodox
Manny Tapia,65.0,67.0,Orthodox
Gary Tapusoa,67.0,,
Miesha Tate,66.0,65.0,Orthodox
Aaron Tau,64.0,66.0,Switch
Deividas Taurosevicius,69.0,68.0,Southpaw
Thiago Tavares,67.0,70.0,Orthodox
Jeremy Tavares,,,
Brad Tavares,73.0,74.0,Orthodox
Ramon Taveras,68.0,70.0,Southpaw
Paul Taylor,72.0,72.0,Orthodox
Jesse Taylor,72.0,73.0,Orthodox
Torrance Taylor,67.0,,
Louis Taylor,71.0,,Orthodox
Anthony Taylor,67.0,,
Danielle Taylor,60.0,60.0,Orthodox
J.T Taylor,70.0,,
James Te Huna,74.0,75.0,Orthodox
Cam Teague,70.0,69.0,Orthodox
Shawn Teed,77.0,,Orthodox
Glover Teixeira,74.0,76.0,Orthodox
John Teixeira,67.0,,Orthodox
Ewerton Teixeira,73.0,,
Tallison Teixeira,79.0,83.0,Orthodox
Tra Telligman,74.0,,Orthodox
Ramazan Temirov,64.0,63.0,Orthodox
Taneisha Tennant,67.0,70.0,Orthodox
Herman Terrado,,,
Dave Terrel,68.0,,Southpaw
David Terrell,73.0,,Southpaw
James Terry,70.0,,Orthodox
Jeff Terry,74.0,,
David Teymur,69.0,73.0,Southpaw
Daniel Teymur,65.0,69.0,Orthodox
Motonobu Tezuka,67.0,,Southpaw
Jason Thacker,70.0,,Orthodox
Alexia Thainara,64.0,67.0,Orthodox
Brandon Thatch,74.0,74.0,Switch
Elias Theodorou,73.0,75.0,Orthodox
Nik Theotikos,,,Orthodox
Paulo Thiago,71.0,74.0,Orthodox
Colby Thicknesse,67.0,69.0,Orthodox
Din Thomas,69.0,,Orthodox
Ryan Thomas,72.0,,Orthodox
Noah Thomas,69.0,,Orthodox
Joel Thomas,70.0,,
Treston Thomison,68.0,,
Nick Thompson,73.0,74.0,Orthodox
James Thompson,77.0,,Orthodox
Oli Thompson,73.0,75.0,Orthodox
Stephen Thompson,72.0,75.0,Orthodox
Josh Thomson,70.0,71.0,Orthodox
Simeon Thoresen,73.0,79.0,Orthodox
Josh Thornburg,72.0,,
Ti Haitao,,,
Gleison Tibau,70.0,71.0,Southpaw
Chris Tickle,69.0,,
Nolan Ticman,66.0,,Orthodox
Darren Till,72.0,74.0,Southpaw
Brett Tillis,,,
Rio Tirto,64.0,66.0,Switch
Denis Tiuliulin,73.0,77.0,Orthodox
Ryan Tobar,,,
Rafael Tobias,74.0,74.0,Orthodox
Andrew Todhunter,72.0,,Switch
Dusko Todorovic,73.0,74.0,Orthodox
Tuco Tokkos,76.0,76.0,Orthodox
Hideo Tokoro,67.0,,Orthodox
Anatoly Tokov,70.0,,
Kazuki Tokudome,71.0,73.0,Southpaw
Puja Tomar,64.0,59.0,Southpaw
Tyler Toner,68.0,70.0,Orthodox
James Toney,69.0,,Orthodox
Masanori Tonooka,68.0,,Orthodox
Carl Toomey,,,
Ilia Topuria,67.0,69.0,Orthodox
Aleksandre Topuria,67.0,68.0,Orthodox
Anthony Torres,68.0,,Orthodox
Miguel Torres,69.0,76.0,Orthodox
Ronys Torres,67.0,,Orthodox
Haven Torres,,,
Alex Torres,70.0,,Orthodox
Abram Torres,70.0,,
Jose Torres,64.0,65.0,Orthodox
Desmond Torres,66.0,69.0,Orthodox
Manuel Torres,70.0,73.0,Switch
Justice Torres,67.0,66.0,Southpaw
Eduardo Torres Caut,67.0,70.0,Orthodox
Salim Touahri,70.0,72.0,Orthodox
Dequan Townsend,75.0,79.0,Orthodox
Minoru Toyonaga,71.0,,Southpaw
Slim Trabelsi,75.0,,
Roberto Traven,75.0,,Orthodox
Bryan Travers,,,
Alexander Trevino,,,
Francisco Trevino,69.0,70.0,Orthodox
Angelo Trevino,71.0,,Switch
Frank Trigg,69.0,71.0,Southpaw
Francisco Trinaldo,69.0,70.0,Southpaw
Damien Trites,71.0,,
Michael Trizano,71.0,71.0,Orthodox
Antonio Trocoli,78.0,79.0,Orthodox
Tor Troeng,74.0,,Orthodox
Aaron Trujillo,65.0,,
Reynaldo Trujillo,69.0,,
Abel Trujillo,68.0,70.0,Orthodox
Arman Tsarukyan,67.0,72.0,Orthodox
Rei Tsuruya,66.0,68.0,Orthodox
Chris Tuchscherer,74.0,76.0,Orthodox
Jon Tuck,71.0,73.0,Orthodox
Gavin Tucker,66.0,66.0,Southpaw
Jumabieke Tuerxun,67.0,,Orthodox
Tom Tuggle,74.0,,Orthodox
Blair Tugman,72.0,,
Tai Tuivasa,74.0,75.0,Southpaw
Zubaira Tukhugov,68.0,68.0,Orthodox
Teila Tuli,72.0,,Orthodox
Marco Tulio,72.0,74.0,Orthodox
Nyamjargal Tumendemberel,67.0,71.0,Orthodox
Albert Tumenov,71.0,73.0,Orthodox
Ricky Turcios,69.0,71.0,Orthodox
Anton Turkalj,76.0,78.0,Orthodox
Wellington Turman,72.0,72.0,Orthodox
Courtney Turner,74.0,,
Jalin Turner,75.0,77.0,Southpaw
Austin Tweedy,69.0,,Orthodox
Marcin Tybura,75.0,78.0,Orthodox
Raphael Uchegbu,69.0,73.0,Orthodox
Takeru Uchida,65.0,68.0,Southpaw
Alberto Uda,75.0,,Orthodox
Ryuki Ueyama,71.0,,Southpaw
Christian Uflacker,71.0,,
Andy Uhrich,72.0,,
Tagir Ulanbekov,67.0,70.0,Southpaw
Carlos Ulberg,76.0,77.0,Orthodox
Gasan Umalatov,71.0,71.0,Orthodox
Jeremy Umphries,,,
Zach Underwood,74.0,,
Caol Uno,67.0,70.0,Southpaw
Kengo Ura,69.0,,
Logan Urban,72.0,72.0,Orthodox
Hector Urbina,71.0,73.0,Orthodox
Elias Urbina,75.0,77.0,Southpaw
Gilbert Urbina,75.0,75.0,Orthodox
Guilherme Uriel,73.0,74.0,Orthodox
Nick Urso,66.0,66.0,Southpaw
Yasuhiro Urushitani,65.0,,Southpaw
Sho Patrick Usami,69.0,70.0,Orthodox
Kamaru Usman,72.0,76.0,Switch
Mohammed Usman,74.0,79.0,Orthodox
Darren Uyenoyama,66.0,65.0,Orthodox
Richie Vaculik,66.0,69.0,Orthodox
Rashid Vagabov,67.0,63.0,Orthodox
Artem Vakhitov,73.0,75.0,Orthodox
Egidijus Valavicius,72.0,,Orthodox
Genaro Valdez,69.0,72.0,Orthodox
Charlie Valencia,63.0,64.0,Orthodox
Robert Valentin,74.0,77.0,Orthodox
Victor Valenzuela,70.0,,
Ivan Valenzuela,74.0,77.0,Orthodox
Victor Valenzuela,,,
Timur Valiev,66.0,67.0,Orthodox
Victor Valimaki,72.0,,Orthodox
Andrew Valladerez,,,
Kevin Vallejos,67.0,68.0,Switch
Isaac Vallie-Flagg,68.0,70.0,Orthodox
Joshua Van,65.0,65.0,Orthodox
Mike van Arsdale,74.0,,Switch
Matt Van Buren,77.0,,
Ron van Clief,70.0,,Orthodox
Lloyd Van Dams,73.0,,Southpaw
Alain Van der Merckt,,,
Cameron VanCamp,74.0,74.0,Switch
Chad Vance,72.0,,Orthodox
Jared Vanderaa,76.0,80.0,Orthodox
Austin Vanderford,71.0,74.0,Orthodox
Lando Vannata,69.0,71.0,Orthodox
Paige VanZant,64.0,65.0,Orthodox
Paul Varelans,80.0,,Orthodox
Kazula Vargas,68.0,71.0,Southpaw
Jamie Varner,68.0,71.0,Orthodox
Guilherme Vasconcelos,72.0,,Orthodox
Linton Vassell,76.0,,
Billy Vaughan,66.0,,
Yuri Vaulin,76.0,,Southpaw
Javier Vazquez,67.0,69.0,Southpaw
Manny Vazquez,70.0,72.0,Orthodox
Matt Veach,71.0,,Orthodox
Joe Vedepo,72.0,,Orthodox
Kelly Velasco,69.0,,Orthodox
Greg Velasco,74.0,70.0,Southpaw
Cain Velasquez,73.0,77.0,Orthodox
David Velasquez,65.0,,Orthodox
Bojan Velickovic,72.0,76.0,Southpaw
Karlos Vemola,72.0,75.0,Orthodox
Luigi Vendramini,68.0,73.0,Orthodox
Jerrel Venetiaan,73.0,,Orthodox
Scott Ventimiglia,71.0,,
Brandon Vera,75.0,78.0,Orthodox
Kerry Vera,67.0,,Orthodox
Marlon Vera,68.0,70.0,Switch
Carlos Vera,66.0,69.0,Orthodox
Isis Verbeek,64.0,64.0,Orthodox
Ernie Verdicia,71.0,,Orthodox
Joe Veres,67.0,,Orthodox
Nikolay Veretennikov,73.0,74.0,Orthodox
CJ Vergara,66.0,68.0,Orthodox
Renato Verissimo,73.0,,Orthodox
Bryan Vetell,75.0,,Southpaw
Marvin Vettori,72.0,74.0,Southpaw
Hugo Viana,66.0,67.0,Orthodox
Guilherme Viana,76.0,,
Polyana Viana,65.0,67.0,Orthodox
Vitor Vianna,,,Orthodox
James Vick,75.0,76.0,Orthodox
Tamires Vidal,66.0,68.0,Orthodox
Freddy Vidal,75.0,79.0,Orthodox
Milton Vieira,72.0,,Orthodox
Reginaldo Vieira,67.0,65.0,Orthodox
Ketlen Vieira,68.0,68.0,Orthodox
Rodolfo Vieira,72.0,73.0,Orthodox
Steve Vigneault,70.0,,Orthodox
Alejandro Villalobos,67.0,,
DeMarco Villalona,69.0,,
Gian Villante,75.0,76.0,Orthodox
Ike Villanueva,73.0,73.0,Orthodox
Ruben Villareal,76.0,,Orthodox
Armando Villarreal,67.0,66.0,Southpaw
Pablo Villaseca,67.0,,
Joey Villasenor,72.0,,Orthodox
Danillo Villefort,73.0,,Orthodox
Yuri Villefort,72.0,73.0,Orthodox
Tre'ston Vines,73.0,79.0,Orthodox
Marcos Vinicius,69.0,,Orthodox
Brandon Visher,66.0,68.0,Orthodox
Falaniko Vitale,70.0,,Orthodox
Cheyanne Vlismas,63.0,63.0,Switch
Bobby Voelker,72.0,74.0,Orthodox
Mateo Vogel,68.0,71.0,Orthodox
Danylo Voievodkin,76.0,78.0,Southpaw
Alexander Volkanovski,66.0,71.0,Orthodox
Jacob Volkmann,69.0,71.0,Southpaw
Alexander Volkov,79.0,80.0,Orthodox
Mark Vologdin,63.0,65.0,Orthodox
Jason Von Flue,72.0,,Orthodox
Milco Voorn,,,Orthodox
Mark Vorgeas,70.0,,
Igor Vovchanchyn,68.0,,Orthodox
Jordan Vucenic,70.0,73.0,Orthodox
James Wade,70.0,,
Chris Wade,70.0,70.0,Orthodox
Neil Wain,70.0,,Orthodox
TJ Waldburger,71.0,75.0,Orthodox
Chase Waldon,73.0,75.0,Orthodox
Andre Walker,71.0,,Southpaw
Herschel Walker,73.0,,Orthodox
Donny Walker,69.0,,
Johnny Walker,78.0,82.0,Orthodox
Brogan Walker,64.0,67.0,Switch
Valter Walker,78.0,78.0,Orthodox
Julius Walker,76.0,78.0,Orthodox
Ben Wall,70.0,,Orthodox
Crafton Wallace,72.0,,Orthodox
Rodney Wallace,69.0,72.0,Switch
Jeremy Wallace,69.0,,
Randall Wallace,71.0,73.0,Orthodox
James Wallace,70.0,69.0,Orthodox
Jim Wallhead,70.0,,Orthodox
Cory Walmsley,72.0,,Orthodox
Richard Walsh,72.0,73.0,Orthodox
Patrick Walsh,71.0,,
Erick Wanderlei,73.0,,Orthodox
Dimitiri Wanderley,,,Orthodox
Andy Wang,66.0,,Orthodox
Sai Wang,72.0,,Southpaw
Anying Wang,72.0,,Orthodox
Wang Cong,66.0,66.0,Southpaw
Joshua Wang-Kim,69.0,71.0,Switch
Curt Warburton,72.0,73.0,Orthodox
Brennan Ward,70.0,71.0,
Charlie Ward,71.0,,Orthodox
Terrion Ware,68.0,71.0,Orthodox
Joe Warren,66.0,,Orthodox
Brian Warren,72.0,,Orthodox
Merritt Warren,70.0,,Southpaw
Idris Wasi,72.0,,
Kengo Watanabe,76.0,,Orthodox
Kazuhisa Watanabe,66.0,,
Ron Waterman,74.0,,Orthodox
Andy Waters,72.0,,
Dominic Waters,73.0,79.0,Orthodox
Trey Waters,77.0,77.0,Orthodox
Michelle Waterson-Gomez,63.0,62.0,Orthodox
Sam Watford,,,
Blake Watkins,,,
Kyle Watson,72.0,,Southpaw
Maka Watson,,,
Walel Watson,71.0,75.0,Orthodox
Tom Watson,73.0,73.0,Orthodox
Enrique Watson,,,
Brok Weaver,72.0,73.0,Southpaw
Jonavin Webb,70.0,,Orthodox
Stephanie Webber,66.0,,
Royston Wee,67.0,67.0,Orthodox
Darian Weeks,71.0,72.0,Orthodox
Joshua Weems,68.0,69.0,Orthodox
Daniel Weichel,70.0,70.0,
Chris Weidman,74.0,78.0,Orthodox
Mark Weir,74.0,,Southpaw
Christian Wellisch,74.0,77.0,Orthodox
Malcolm Wellmaker,70.0,71.0,Switch
Jeremiah Wells,69.0,74.0,Switch
Fabricio Werdum,76.0,77.0,Orthodox
Mike Wessel,72.0,,Orthodox
Dustin West,71.0,,
Sheldon Westcott,73.0,71.0,Southpaw
Aaron Wetherspoon,,,
Coty Wheeler,66.0,67.0,Orthodox
Vernon White,72.0,,Southpaw
Steve White,71.0,,
Alex White,72.0,71.0,Southpaw
Craig White,74.0,76.0,Orthodox
Patrik White,72.0,72.0,Orthodox
Robert Whiteford,69.0,69.0,Southpaw
Mike Whitehead,73.0,,Orthodox
Garett Whiteley,72.0,72.0,Orthodox
Mitch Whitesel,69.0,,
Emily Whitmire,65.0,63.0,Orthodox
Robert Whittaker,72.0,73.0,Orthodox
Josh Wick,69.0,69.0,Switch
Adam Wieczorek,77.0,81.0,Orthodox
Orlando Wiet,70.0,,Southpaw
Jonathan Wiezorek,75.0,,Southpaw
Jakub Wiklacz,70.0,72.0,Orthodox
Justin Wilcox,66.0,,Orthodox
Joe Wilk,69.0,,
Aaron Wilkinson,70.0,,Orthodox
Mike Wilkinson,67.0,66.0,Orthodox
Rob Wilkinson,75.0,80.0,Orthodox
James Wilks,73.0,75.0,Orthodox
Tedd Williams,73.0,,Orthodox
Pete Williams,75.0,,Orthodox
Rubin Williams,73.0,,Orthodox
Carter Williams,73.0,,Orthodox
Patrick Williams,68.0,73.0,Orthodox
Tim Williams,74.0,76.0,Orthodox
Jordan Williams,73.0,75.0,Southpaw
Cole Williams,72.0,73.0,Orthodox
Khaos Williams,72.0,77.0,Orthodox
Karl Williams,75.0,79.0,Orthodox
Karl Willis,,,
Justin Willis,73.0,78.0,Southpaw
Chris Wilson,73.0,75.0,Orthodox
Greg Wilson,,,
Jonathan Wilson,74.0,75.0,Southpaw
Sean Wilson,68.0,,
Westin Wilson,73.0,73.0,Southpaw
Damon Wilson,69.0,69.0,Switch
Matt Wiman,70.0,68.0,Orthodox
Eddie Wineland,67.0,69.0,Orthodox
Deron Winn,66.0,70.0,Orthodox
Andre Winner,71.0,73.0,Orthodox
Eric Wisely,68.0,,Southpaw
Keith Wisniewski,72.0,,Orthodox
Jason Witt,70.0,70.0,Orthodox
Travis Wiuff,75.0,,Orthodox
Ray Wizard,,,
Karolina Wojcik,62.0,,Orthodox
Danyelle Wolf,71.0,70.0,Orthodox
Brandon Wolff,69.0,,Orthodox
Xue Do Won,67.0,,
Kwon Won Il,,,
Joanne Wood,66.0,65.0,Orthodox
Nathaniel Wood,66.0,69.0,Orthodox
Val Woodburn,68.0,74.0,Orthodox
Tyron Woodley,69.0,74.0,Orthodox
Salvador Woods,71.0,,
Logan Woods,,,
Sean Woodson,74.0,78.0,Orthodox
Cal Worsham,71.0,,Orthodox
Hunter Worsham,,,
Khama Worthy,71.0,74.0,Orthodox
Eric Wray,72.0,,Orthodox
Justin Wren,74.0,,Orthodox
JW Wright,,,
Chris Wright,,,
Jordan Wright,74.0,77.0,Orthodox
Marcin Wrzosek,69.0,,
Wu Yanan,68.0,66.0,Orthodox
 Wulijiburen,69.0,69.0,Orthodox
Wuziazibieke Jiahefu,69.0,70.0,Orthodox
Rubens Xavier,75.0,,Orthodox
Xiao Long,68.0,70.0,Orthodox
Xie Bin,70.0,72.0,Orthodox
Jamie Yager,73.0,,Orthodox
Eddie Yagin,67.0,,Orthodox
Rani Yahya,66.0,67.0,Orthodox
Mohammad Yahya,69.0,73.0,Switch
Abdul Rakhman Yakhyaev,74.0,78.0,Orthodox
Alexander Yakovlev,75.0,74.0,Southpaw
Keiichiro Yamamiya,71.0,,Southpaw
Kenichi Yamamoto,72.0,,Orthodox
Yoshihisa Yamamoto,74.0,,Southpaw
Atsushi Yamamoto,66.0,,Orthodox
Norifumi Yamamoto,64.0,66.0,Southpaw
Hiroko Yamanaka,71.0,,
Goiti Yamauchi,70.0,,
Wataru Yamauchi,66.0,68.0,Orthodox
Takeshi Yamazaki,68.0,,Southpaw
Yan Xiaonan,65.0,63.0,Orthodox
Petr Yan,67.0,67.0,Switch
Yan Qihui,63.0,62.0,Orthodox
Adam Yandiev,69.0,74.0,Orthodox
Adrian Yanez,67.0,70.0,Orthodox
Dongi Yang,70.0,73.0,Southpaw
Jianping Yang,67.0,,Orthodox
John Yannis,67.0,70.0,Southpaw
Masutatsu Yano,69.0,,Orthodox
Emmanuel Yarborough,80.0,,Open Stance
Cale Yarbrough,73.0,,Orthodox
Tadao Yasuda,76.0,,Orthodox
Yoshiaki Yatsu,73.0,,Orthodox
Chris Yee,69.0,,
 Yibugele,67.0,69.0,Southpaw
Yin Shuai,65.0,66.0,Southpaw
 Yizha,67.0,71.0,Orthodox
Ashley Yoder,67.0,69.0,Southpaw
Hirotaka Yokoi,71.0,,Orthodox
Kazunori Yokota,68.0,,Orthodox
John Yoo,,,
SangHoon Yoo,72.0,74.0,Orthodox
JooSang Yoo,67.0,71.0,Orthodox
Dong Sik Yoon,72.0,,Orthodox
ChangMin Yoon,68.0,70.0,Orthodox
Yoshiyuki Yoshida,71.0,70.0,Southpaw
Hidehiko Yoshida,71.0,,Orthodox
Kai Yoshida,69.0,69.0,Southpaw
SuYoung You,66.0,65.0,Orthodox
Kaitlin Young,69.0,,Orthodox
Artenus Young,,,
Trenell Young,66.0,,Orthodox
Jason Young,69.0,73.0,Orthodox
Shane Young,68.0,72.0,Orthodox
Shanna Young,67.0,65.0,Orthodox
Gauge Young,69.0,70.0,Orthodox
Besam Yousef,71.0,,Orthodox
Han Ten Yun,71.0,,
Rob Yundt,73.0,,Orthodox
Sodiq Yusuff,69.0,71.0,Orthodox
Gilbert Yvel,74.0,77.0,Orthodox
Luke Zachrich,74.0,74.0,Orthodox
Anton Zafir,71.0,,Orthodox
Aiemann Zahabi,68.0,68.0,Orthodox
Joao Zaiden,,,
Youssef Zalal,70.0,72.0,Switch
Elizeu Zaleski dos Santos,71.0,73.0,Orthodox
Zach Zane,67.0,69.0,Southpaw
Roger Zapata,71.0,,Southpaw
Marius Zaromskis,69.0,,Orthodox
David Zawada,72.0,75.0,Orthodox
Magomed Zaynukov,70.0,68.0,Orthodox
Manolo Zecchini,68.0,68.0,Orthodox
Joao Zeferino,71.0,,Orthodox
Daniel Zellhuber,73.0,77.0,Switch
Craig Zellner,74.0,,Orthodox
Rickson Zenidim,67.0,67.0,Orthodox
Roman Zentsov,73.0,,Orthodox
Carlos Zevallos,72.0,,Orthodox
Zhang Tiequan,68.0,69.0,Orthodox
Zhang Lipeng,71.0,71.0,Southpaw
Zhang Weili,64.0,63.0,Switch
Zhang Mingyang,74.0,75.0,Orthodox
Zhang Qinghe,67.0,67.0,Southpaw
Zhang Zhenyang,,,
Daermisi Zhawupasi,68.0,68.0,Switch
Daria Zhelezniakova,69.0,68.0,Orthodox
Yao Zhikui,65.0,64.0,Orthodox
Zhou Kun,,,
Zhu Kangjie,68.0,70.0,Orthodox
Zhalgas Zhumagulov,64.0,66.0,Switch
Fares Ziam,73.0,75.0,Orthodox
Mike Zichelle,,,
James Zikic,74.0,,Orthodox
Errol Zimmerman,75.0,,Orthodox
Cat Zingano,66.0,68.0,Southpaw
Igor Zinoviev,73.0,,Orthodox
Dave Zitanick,,,
Alex Zuniga,,,
George Zuniga,69.0,,
Allan Zuniga,67.0,70.0,Orthodox
Brahyam Zurcher,70.0,70.0,Orthodox
Virgil Zwicker,74.0,74.0,
